20444,大天地 摇椅 之 胡桃木,“天地”寓意“天空”和“大地”，这个系列的家具拥有简洁的线条与柔和的圆弧，气度从容博大，好似天地都包容其中。“大天地”系列胡桃木摇椅，将更为简单的线条融入传统明式家具之中，使之更适合现代家居生活。胡桃木拥有美丽的花纹，犹如金丝缕缕镶嵌，暗暗生光。「上下」花费一年多时间潜心探索胡桃木框架与牛皮编织椅面的连接方式，融贯东西，各取其长。特殊的工艺赋予摇椅强韧得当的特性，给予身体贴适支撑的同时，亦令其精湛工艺展露无疑。每件摇椅从木料挑选、取料、打磨，牛皮的选择、编织到作品完成，需要花费近五个月时间。“大天地”摇椅在结构和工艺细节的处理上精确到一丝一毫，因而极为细腻敏感，细微的风吹草动，都会让它轻微地晃动。在忙碌的间隙，或是偶有片刻闲适，一摇一晃将所有的纷繁芜杂都抛至云外，只留平和安适，悠然于天地之间。,,cn,2014-09-15 23:14:44,2014-09-22 22:52:09,,1,145,,product,3,20079,20321,,da-tian-di-rocking-chair-walnut-,http://http://sxhtml.local/./upload/human_nature_DaTianDi_Tea_Table_Zitan.jpg
20445,大天地 扶手椅 之 紫檀,“天地”寓意“天空”和“大地”，这个系列的家具拥有简洁的线条与柔和的圆弧，气度从容博大，好似天地都包容其中。“大天地”系列扶手椅灵感自传统明式家具的南官帽椅，将原本外圆内方的设计改成外方内圆，使之拥有了更具现代感的线条，也令其精湛工艺展露无疑。「上下」独创性地将清雅简洁的明式坐椅与西式沙发相结合，为新式南官帽椅赋予柔软的坐垫和靠背，使之更为舒适合用。紫檀扶手椅搭配优质牛皮编织坐垫，手工艺人将整张牛皮仔细裁成3.8毫米的细条，而后使用特制的织机，以近似传统缂丝的手法，纬线牛皮，经线细线，一条条手工织起相连成片，使之具有更为丰富的肌理和质感。「上下」与手工艺人共同探究数月，才为檀木与牛皮织物找到适合的结合方式，使其线条流畅、浑然一体，也对人体工程学作了细心研究，力求让使用感受贴心舒适。尊贵而坚固的紫檀，在全手工精心打磨之下，拥有了如丝绸般滑润的质感。每件作品需要花费六至九个月的时间，而在细节的处理上更精确到一丝一毫，让这个系列的家具成为精准而完美的艺术品，任时间和地域流逝转变，它将是您实至名归的传家宝物。,,cn,2014-09-15 23:14:44,2014-09-22 22:52:10,,1,143,,product,3,20079,20321,,da-tian-di-armchair-zitan-,http://http://sxhtml.local/./upload/furniture/1.jpg
20446,大天地 书案 之 紫檀,「上下」“大天地”系列灵感自明式家具中工料精良而罕见的分体式“架几书案”，以紫檀为料，创作淳清雅致、灵活实用的新书案。延续“大天地”系列的风格，秉承明式家具的传统，却将原本外圆内方的设计改成外方内圆，使之拥有了更具现代感的线条，也令其精湛工艺展露无疑。书案板面宽度与架几相当，以传统攒框装芯之法打造，为了顺应木料的自然特性，在框与芯之间留有细缝，让木头可以自由地呼吸。细缝会因不同的温湿气候、地域环境有细微的变化，桌子仿佛有了生命。书案面板轻搁几上，架几分别安有抽屉，存放文房器物。尊贵而坚固的紫檀，在全手工精心打磨之下，拥有了如丝绸般滑润的质感，而在细节的处理上更精确到一丝一毫。每张书案从檀木处理到作品完成，需要花费至少五个月时间。“大天地”系列书案最宜置于窗前，案上一笔一墨，窗外一草一木，皆入胸中画卷，笔下道境，可秉读圣贤经典，亦可把玩古物，悠然之间，营造属于自己的清雅天地。,,cn,2014-09-15 23:14:44,2014-09-22 22:52:11,,1,1,,product,3,20079,20321,,da-tian-di-desk-zitan--1,http://http://sxhtml.local/./upload/IN_OUT_Da_Tian_Di_Desk_Zitan_2.jpg
20447,大天地 书案 之 紫檀,「上下」“大天地”系列灵感自明式家具中工料精良而罕见的分体式“架几书案”，以紫檀为料，创作淳清雅致、灵活实用的新书案。延续“大天地”系列的风格，秉承明式家具的传统，却将原本外圆内方的设计改成外方内圆，使之拥有了更具现代感的线条，也令其精湛工艺展露无疑。书案板面宽度与架几相当，以传统攒框装芯之法打造，为了顺应木料的自然特性，在框与芯之间留有细缝，让木头可以自由地呼吸。细缝会因不同的温湿气候、地域环境有细微的变化，桌子仿佛有了生命。书案面板轻搁几上，架几分别安有抽屉，存放文房器物。尊贵而坚固的紫檀，在全手工精心打磨之下，拥有了如丝绸般滑润的质感，而在细节的处理上更精确到一丝一毫。每张书案从檀木处理到作品完成，需要花费至少五个月时间。“大天地”系列书案最宜置于窗前，案上一笔一墨，窗外一草一木，皆入胸中画卷，笔下道境，可秉读圣贤经典，亦可把玩古物，悠然之间，营造属于自己的清雅天地。,,cn,2014-09-15 23:14:45,2014-09-22 22:52:09,,1,146,,product,3,20079,20321,,da-tian-di-desk-zitan-,http://http://sxhtml.local/./upload/IN_OUT_Da_Tian_Di_Desk_Zitan_1.jpg
20448,大天地 茶桌 之 紫檀,「上下」大天地系列巧妙地将茶盘和茶桌合二为一，以紫檀为料，创作形制典雅，贴心实用的新茶桌。延续大天地系列的风格，秉承传统明式家具的风骨，却将原本外圆内方的设计改成外方内圆，使之拥有了更具现代感的线条，也令其精湛工艺展露无疑。桌面推开可见「上下」特别订制的茶盘和煮水的电炉，桌面还原，则可做寻常方桌使用。尊贵而坚固的紫檀，在全手工精心打磨之下，拥有了如丝绸般滑润的质感。每件家具从檀木处理到作品完成，需要花费至少2000工时，而在细节的处理上更精确到一丝一毫。茶盘采用端砚制作，作为四大名砚之首的端砚古来已十分名贵，如今更因名坑砚材枯竭而更为珍稀。“大天地”系列茶桌懂得爱茶之人，依坐桌旁，可独自品茶静思，亦可以好茶待客，更为居室营造一片禅意的空间。,,cn,2014-09-15 23:14:45,2014-09-22 22:52:11,,1,4,,product,3,20079,20321,,da-tian-di-tea-table-zitan--2,http://http://sxhtml.local/./upload/human_nature_datiandi_zitan.jpg
20449,龙韵 茶器 — 漆金竹丝扣瓷,龙，象征着中国传统精神。「上下」“龙韵”系列一脉相承帝王气韵，花纹灵感自传统龙鳞纹，并取其谐音“龙运”，有着平步青云的吉祥寓意，层层叠映，气宇轩昂。竹丝扣瓷系列由一壶四杯四碟及紫檀托盘构成，全球限量八套。束颈茶壶与双耳茶杯取法传统双龙耳杯，将盘于杯侧的两条游龙，以现代设计手法，简化为跃然灵动的弧形线条。每一件“龙韵”茶器都呈现了工艺的精益求精，不到半毫米的细竹丝，被精心编织覆盖到高温白瓷表面，竹编之上更以最精湛的工艺，反复五层细心上以18K金粉，覆盖层层竹丝的每一处肌理，均匀细腻，宛然天成。龙鳞纹壶盖以手工雕胚，由1380度高温焙成，品相完美者珍罕难得。搭配黄金弦月型提壶手柄，意境湛远。整套“龙韵”竹丝扣瓷茶器制作需耗费上千工时。举手品茗间，是视觉与触觉的双重享受，可日日为用，亦是收藏之选。 ,,cn,2014-09-15 23:14:45,2014-09-22 22:52:09,,1,144,,product,5,20079,,,dragon-cloud-gilded-bamboo-woven-porcelain-tea,http://http://sxhtml.local/./upload/In_Out_Dragon_Cloud_Pendant.jpg
20450,龙韵 茶器 — 单色釉瓷,龙，象征着中国传统精神。「上下」“龙韵”系列一脉相承帝王气韵，花纹灵感自传统龙鳞纹，并取其谐音“龙运”，有着平步青云的吉祥寓意，层层叠映，气宇轩昂。“龙韵”系列茶器由一壶六杯六碟及胡桃木托盘构成，亦有大小不一的花瓶和香皿可供选择。束颈茶壶与双耳茶杯取法传统双龙耳杯，将盘于杯侧的两条游龙，以现代设计手法，简化为跃然灵动的弧形线条。明清之时，“蓝”与“黄”被视为帝王之色，天坛为蓝，地坛为黄。颜色釉瓷素来名贵，任何细小因素都会影响釉色的聚落，只有平和的心态与无比的耐心才能探知其中奥秘，进而烧制均匀而富于光泽变化的颜色釉瓷，浸润自然的灵动之色。壶盖分别镶以金银二色龙鳞纹同心圆装饰，配以同色弦月型手柄，喜意盎然。整套“龙韵”茶器系列需耗费上千工时，举手品茗间，是视觉与触觉的双重享受。,,cn,2014-09-15 23:14:45,2014-09-22 22:52:11,,1,3,,product,5,20079,,,dragon-cloud-monochrome-porcelain-tea-set,http://http://sxhtml.local/./upload/IN_OUT_Dragon_Cloud_Monochrome_Porcelain_Tea_Set_2.jpg
20451,龙韵 茶器 — 单色釉瓷,龙，象征着中国传统精神。「上下」“龙韵”系列一脉相承帝王气韵，花纹灵感自传统龙鳞纹，并取其谐音“龙运”，有着平步青云的吉祥寓意，层层叠映，气宇轩昂。“龙韵”系列茶器由一壶六杯六碟及胡桃木托盘构成，亦有大小不一的花瓶和香皿可供选择。束颈茶壶与双耳茶杯取法传统双龙耳杯，将盘于杯侧的两条游龙，以现代设计手法，简化为跃然灵动的弧形线条。明清之时，“蓝”与“黄”被视为帝王之色，天坛为蓝，地坛为黄。颜色釉瓷素来名贵，任何细小因素都会影响釉色的聚落，只有平和的心态与无比的耐心才能探知其中奥秘，进而烧制均匀而富于光泽变化的颜色釉瓷，浸润自然的灵动之色。壶盖分别镶以金银二色龙鳞纹同心圆装饰，配以同色弦月型手柄，喜意盎然。整套“龙韵”茶器系列需耗费上千工时，举手品茗间，是视觉与触觉的双重享受。,,cn,2014-09-15 23:14:45,2014-09-22 22:52:11,,1,2,,product,5,20079,,,dragon-cloud-monochrome-porcelain-tea-set-1,http://http://sxhtml.local/./upload/heritage_emotion_Dragon_Pearl_1.jpg
20452,桥,「上下」大天地系列巧妙地将茶盘和茶桌合二为一，以紫檀为料，创作形制典雅，贴心实用的新茶桌。延续大天地系列的风格，秉承传统明式家具的风骨，却将原本外圆内方的设计改成外方内圆，使之拥有了更具现代感的线条，也令其精湛工艺展露无疑。桌面推开可见「上下」特别订制的茶盘和煮水的电炉，桌面还原，则可做寻常方桌使用。尊贵而坚固的紫檀，在全手工精心打磨之下，拥有了如丝绸般滑润的质感。每件家具从檀木处理到作品完成，需要花费至少2000工时，而在细节的处理上更精确到一丝一毫。茶盘采用端砚制作，作为四大名砚之首的端砚古来已十分名贵，如今更因名坑砚材枯竭而更为珍稀。“大天地”系列茶桌懂得爱茶之人，依坐桌旁，可独自品茶静思，亦可以好茶待客，更为居室营造一片禅意的空间。,,cn,2014-09-15 23:14:45,2014-09-22 22:52:10,,1,145,,product,5,20079,20322,,bridge-4,http://http://sxhtml.local/./upload/4cfca09d66ce83776021b4e440fa8d3e.jpg
20453,山水,水草玛瑙与烟熏玛瑙，温润细腻，暗藏流动的纹理。「上下」的“山水”系列选取品相完美的玛瑙原料，手工雕琢成造型圆润的小碗，以紫檀托盘恭敬呈现。每一件小碗皆由大块原材剥离而出，雕琢打磨需花费80个工时。“山水”系列取材天然，每一件都有自然形成的独特图案，如水墨画般挥洒写意，每一件都是独一无二的山水风景。以“山水”对饮或独酌，即便杯中盛以清水，都容易喝醉。“醉翁之意不在酒，在乎山水之间也。”,,cn,2014-09-15 23:14:46,2014-09-22 22:52:10,,1,55,,product,5,20079,,,shan-shui-5,http://http://sxhtml.local/./upload/IN_OUT_Shan Shui.jpg
20454,清影,“清影”系列采用竹丝镶嵌工艺，搭配温润的紫檀木，创作雅致的收纳盒具，可置于镜台，作首饰盒、化妆盒、香盒，亦可置于书房，作笔盒、文具盒。“清影”将传统万字纹与「上下」标识巧妙结合，创作了独特的镂雕图案。竹丝镶嵌的手工艺人刀法深峻、心思缜密，他们用自制的工具，将竹子劈成半毫米厚的细丝，于细丝之上开出一个个半毫米宽的榫口，再根据需求，分成5毫米长短的细薄竹片。而后用镊子将这些微若米粒的竹片小心拾起，仔细组合，渐次拼接。一整片10厘米见方的竹丝镶嵌花板，需上千竹片拼成，严丝合缝，宛若天成，如中国传统建筑的窗棂幽格，流光透影、虚实交错。“清影”寓意月光，这些大小不一的盒具边角亦流淌着明式家具灵动的线条，如同在澄澈月色之下，徘徊古典庭院，“起舞弄清影，何似在人间”，自在蹁跹，存续悠远。,,cn,2014-09-15 23:14:46,2014-09-22 22:52:11,,1,9,,product,4,20079,0,0,twilight,http://http://sxhtml.local/./upload/homeware/4.jpg
20455,万象,中国传统文人必须掌握的四项技艺——“琴棋书画”，围棋即为其一。对中国古人来说，棋即是道，下棋是一个悟道的过程。“万象”系列灵感自围棋的宇宙意境，选取纹理美好的陈年大红酸枝木与优质玛瑙创作围棋棋具。棋盘的设计延续了明式家具的简雅线条，大红酸枝木为基，细心雕刻打磨以成格界，包容宇宙时空。边线与星点均为白铜镶嵌，白铜与大红酸枝两种拥有不同个性的材料，手工艺人以精湛的技艺保证了它们的意气相投，无论时间地域的流变，都和睦如初，不会相斥。黑白棋子存放于大红酸枝为底，玛瑙为盖的棋盒中，360颗棋子均由玛瑙制成，「上下」选择色泽纹理均匀的天然玛瑙，琢磨成大小如一、手感圆润的棋子，一黑一白象征“一阴一阳”，点化世间万象。整套“万象”系列需花费三个月时间才能完成。古人称围棋为“坐隐”，以其可让人坐而忘忧，超然世外。棋枰之乐，是君子往来间一招一式的对弈，也可是一人独坐尽享“闲敲棋子落灯花”的悠然时光。,,cn,2014-09-15 23:14:46,2014-09-22 22:52:11,,1,8,,product,4,20079,,,wan-xiang,http://http://sxhtml.local/./upload/IN_OUT_Wan_Xiang.jpg
20457,君子 — 麻将,麻将是中国著名的传统游戏之一。「上下」的“君子”系列灵感源自中国古代提盒，以更为方正雅致的简约造型呈现。“君子”麻将盒共5层，分层摆放四组麻将及牌尺、筹码。144枚麻将牌均以珍贵的印度檀香木及大叶紫檀制作， 揽推洗摸之间，停香指端，心境也随之愈加宁静舒祥。「上下」将传统麻将的图案改为简洁的点线组合，更巧妙地将时空概念融于米字格中，时空亦在指尖流转。精心设计的金银币筹码简单悦目，为聚会更添优雅。整套“君子”麻将的制作至少花费2000工时。上下一体的金属提手构思精巧，提携盒组的同时，亦将盒身收纳安放。把手处以不到半毫米的竹丝细心缠绕，方便使用，也给提盒增添一丝灵动。,,cn,2014-09-15 23:14:46,2014-09-22 22:52:11,,1,60,,product,4,20079,,,jun-zi-mahjong-1,http://http://sxhtml.local/./upload/IN_OUT_Jun_Zi_Mahjong.jpg
20456,随意 — 扑克,「上下」将源于西方的扑克牌游戏以中国画技法重新演绎，创作了“随意”系列手绘扑克牌。灵芝云、菩提叶、红寿桃、太湖石……这些中国传统文化中蕴含独特寓意的事物，被用来代替扑克牌的传统图案。每一张牌面图案都是单独手绘而成，每一朵云、每一片叶，皆自有神韵。扑克牌收纳于手工细心雕琢的紫檀木盒中，手感温润、气味清淡，在生活细微之处，体现追求品质的坚持。紫檀木盒及扑克有两种不同尺寸，大号限量100套制作，可收藏，亦可把玩。,,cn,2014-09-15 23:14:46,2014-09-22 22:52:11,,1,7,,product,4,20079,0,1,wish-playing-cards,http://http://sxhtml.local/./upload/IN_OUT_Wish_Playing_Cards.jpg
20458,山水,水草玛瑙与烟熏玛瑙，温润细腻，暗藏流动的纹理。「上下」的“山水”系列选取品相完美的玛瑙原料，手工雕琢成造型圆润的小碗，以紫檀托盘恭敬呈现。每一件小碗皆由大块原材剥离而出，雕琢打磨需花费80个工时。“山水”系列取材天然，每一件都有自然形成的独特图案，如水墨画般挥洒写意，每一件都是独一无二的山水风景。以“山水”对饮或独酌，即便杯中盛以清水，都容易喝醉。“醉翁之意不在酒，在乎山水之间也。”,,cn,2014-09-15 23:14:46,2014-09-22 22:52:10,,1,54,,product,4,20079,,,shan-shui-6,http://http://sxhtml.local/./upload/IN_OUT_Shan_Shui.jpg
20459,四禧 ,“四禧”系列漆器摆件灵感来自清代流行的双陆尊器型，线条简化、巧妙切割重组之后，它是花瓶，是烛台、是储物容器。精湛的漆器工艺让它表面温润如玉，暖暖含光，低调却气度非凡。三种不同尺寸的设计，满足不同的空间装饰的要求。“四禧”源自中国文化中的人生四大喜事，也可以承载您的任何愿望。无论组合摆放或分开装点，都将为空间增加些许亮色，平添融融喜气。,,cn,2014-09-15 23:14:47,2014-09-22 22:52:11,,1,6,,product,4,20079,,,for-hapiness,http://http://sxhtml.local/./upload/human_nature_For_happiness.jpg
20461,雕塑 — 羊绒披肩,技艺娴熟而极富巧思的匠人，将原先游牧民族用羊毛制作蒙古包的工艺，用来制作羊绒毡服。宽袍大袖的设计灵感来自传统汉服，为将中国独有的优雅和风度，注入当代高尚生活。“雕塑”系列依据尺寸精准的样板，将珍罕的优质蒙古羊绒，揉捏、搓散、塑形，最后雕塑成一件整片式的立体毡服。没有拼缝，不见针脚，如天上云彩，完整、优美，又独一无二。它像漫天的霞光，雍容而华美，又像冬天里的拥抱，密实而温暖。,,cn,2014-09-15 23:14:47,2014-09-22 22:52:10,,1,144,,product,1,20079,20319,,sculpture-cashmere-shawl,http://http://sxhtml.local/./upload/IN_OUT_Sculpture_Shawl.jpg
20460,雕塑 — 羊绒围巾,技艺娴熟而极富巧思的匠人，将原先游牧民族用羊毛制作蒙古包的工艺，用来制作羊绒毡服和配饰。手工艺人选取珍罕的优质蒙古羊绒，揉捏、搓散、塑形，最后雕塑成一件整片式的柔软围巾。“雕塑”系列围巾巧妙呈现翻边效果，层层叠映，并手工缝绕缀以多色线点，画龙点睛般，呈现灵动生机。为在雕塑过程中留出边缝，并保证其平直和均匀，需要手工艺人有极细腻的心思和耐心。“雕塑”系列围巾立体感丰富，却缀连如一，若天上云彩，完整、优美，又独一无二。它像漫天的霞光，雍容而华美，又像冬天里的拥抱，密实而温暖。,,cn,2014-09-15 23:14:47,2014-09-22 22:52:11,,1,5,,product,1,20079,20319,,sculpture-cashmere-scarf,http://http://sxhtml.local/./upload/IN_OUT_Sculpture_Cashmere_Scarf.jpg
20462,和气,「上下」“和气”系列选用高品质羊绒面料，细心剪裁制成舒适熨帖的男女外套。原料来自全球出产羊绒的最佳经纬度地区，层层手工筛选确保它卓越的品质，织成的面料具有独一无二的细腻手感与卓越塑形力。“和气”，取自“满天和气，太平有象”，《道德经》说“万物冲气以为和”，“和气”寓意气之汇聚相合，包含了中国式哲思的悠远意蕴。这个系列灵感自两两材质的对撞交融，女款于肩部缝入同色系羊皮，柔雅之中倾斜一份果敢与率真，男款则由同色罗纹针织与羊绒镶拼而成，儒雅之中暗藏轻松写意。设计上，“和气”改良了传统汉服的曲裾深衣，女式长大衣更细心开有腰带口，既有宽袍大袖的洒脱飘逸，又有干练利落之气。身着“和气”系列，似寻味“圆融”之真意，渐悟渐长，和中化气，如臻佳境。,,cn,2014-09-15 23:14:47,2014-09-22 22:52:11,,1,56,,product,1,20079,,,he-qi,http://http://sxhtml.local/./upload/human_nature_Hidden_dragon.jpg
20463,锦衣,“锦衣”系列灵感自中国传统的御寒服——絮棉衣，创造性地“以丝易棉”，选用细腻柔软的真丝作填充，具有极佳的保暖性，也拥有更为轻柔的质感。锦衣，原意精美华丽之服。这个系列的男女絮棉衣延续中式对襟设计，男款廓形大气，翩翩然，女款收腰别致，窈窈然。每一件“锦衣”里外均使用上等真丝面料，细节考究，内外精心选择不同颜色以作搭配，女款可双面翻转穿着，适合不同的心情与场合。走线笔直流畅，全然得益于手工艺人的精湛技艺，惟有澄心定虑，方能保证踩线的不偏不倚。边线口袋上下手工缝绕了同色系小线点作饰，在细微之处，画龙点睛般，呈现灵动生机。每款“锦衣”有3种配色，适于不同个性，不同心情，随意走动，深浅之间，如水波荡漾，幽幽泛光。无论乘风而行，或逆风而上，它都将是冬日贴心暖身之选。,,cn,2014-09-15 23:14:47,2014-09-22 22:52:09,,1,144,,product,1,20079,,,jin-yi,http://http://sxhtml.local/./upload/In_Out_Joy.jpg
20464,如一,「上下」“如一”系列采用高品质的蒙古羊绒细心织成，柔软而温暖。从传统中式剪裁中汲取灵感，衣袖与衣身由双面四平针连片织就，化繁为简，一气呵成。里外不同的色彩让每件“如一”都能随心而转正反互穿，正面穿着，扬起平淡如水的闲逸，反穿则含蓄内敛，质朴有味，亦可将袖口外翻卷起，呈现色彩碰撞所带来的点点生机。又于边线处细心缀以手工缝制的线点，犹如灵犀闪现。男款“如一”使用特制的「上下」木扣，女款则配以手工琢磨的紫檀胸针，别致而气韵生动。“如一”系列线条简单，却有独特的细节和气质，无论是单独穿着或是与其他服饰搭配，都可浑然如一。身着“如一”系列，感受立身天地、化繁归一的自然气质。,,cn,2014-09-15 23:14:47,2014-09-22 22:52:11,,1,70,,product,1,20079,0,0,one,http://http://sxhtml.local/./upload/IN_OUT_One.jpg
20465,茶脉,虽然是以矜贵的真丝制成，这种采用特殊生丝织就的面料，粗糙、原始，拥有麻一般的质感。蚕茧缫丝之后，胶质还未经去除，质感稍硬而呈半透明的丝即是生丝。生丝柔软而极富弹性，织成的面料蓬松而不易变形。「上下」男装的“茶脉”系列，将其细心剪裁缝制，塑造成儒雅绅士的体面外衣。它们拥有天然的颜色和独特的脉络，好像茶一样，质朴而韵味十足。,,cn,2014-09-15 23:14:48,2014-09-22 22:52:11,,1,12,,product,1,20079,,,tea-lines-1,http://http://sxhtml.local/./upload/In_Out_Wanderer_Tea_Lines.jpg
20466,霞披,中国传统的绡，用经过改良的传统技法手工再创造之后，成了独一无二的美妙织物。无论是手工染色渐变自然的华丽褶皱，金丝银线乱针绣出的纤巧圆形图案，还是上好羊绒缠绕金丝穿梭而成的毛线绣，都缝制成独特的「上下」披肩。全手工染色、打褶、缝制而成，每件需要三个月的时间。它们有灵活的多种穿法，可根据心情随意穿搭。“霞帔”原指中国古代上层女子的礼服，「上下」的“霞披”系列材质华美，细节考究，披于肩头，犹如披一身霞蔚，有非凡的气势，优雅而雍容。,,cn,2014-09-15 23:14:48,2014-09-17 20:16:13,,1,11,,product,1,20079,,,dream-2,http://http://sxhtml.local/./upload/heritage_emotion_Echo.jpg
20467,自在,"「上下」的“自在”系列针织服由羊绒和棉混纺织成，触感松软舒适。采用算法精准的高级机织技术整件织就，一根丝线贯穿始终，细腻、平整，完美无瑕。

在设计上，线条简洁，颜色搭配和谐而富层次感，叫人悦目舒心。从中国传统的汉服中汲取灵感，采用斜襟、右衽、系带的设计，对传统的尊重和借鉴，让穿着的男士更加自信、自在，是一种中国独有的儒雅和风范。",,cn,2014-09-15 23:14:48,2014-09-17 20:16:13,,1,10,,product,1,20079,,,carefree-3,http://http://sxhtml.local/./upload/In_Out_Carefree.jpg
20468,乐,「上下」的“乐”系列采用最高品质的蒙古羊绒制作。看似旗袍和对襟衫，其实滚边、立领、对襟、斜襟和盘扣，都是由高级机织技术编织而成的图案。单色系列由独特的“米粒”针法织成，而盘扣则是由钩针手工钩出的立体装饰。“乐”的设计是一种游戏和玩笑的心态，也隐喻中国传统的道家哲学，真真假假，皆为虚幻，唯一重要的是个人的体悟。这个系列的女装有旗袍的优雅和中国情调，又有羊绒织物的蓬松柔软，穿着简单方便，是冬天里温暖的陪伴。,,cn,2014-09-15 23:14:48,2014-09-22 22:52:09,,1,142,,product,1,20079,0,0,joy,http://http://sxhtml.local/./upload/apparel/1.1.jpg
20470,长馨,天地有大美而不言，“长馨”系列选用汲取天地芳华的自然材质，以精湛的中国传统手工技艺，演绎和煦、温润、雅致的东方珠宝之美。有着幽淡香气的木料，古来就被视为宫廷贡品，丰神气华的紫檀首饰，更为东方所独有。「上下」重拾源远流长的皇家工艺——“花丝镶嵌”，于木之间，镶以金丝及钻石。手工艺人选取颜色、纹理均匀，品相完美的紫檀，精心打磨后根据设计开出细槽，而后取相应宽度的金料，细心嵌入槽中。两种不同特性的材料融为一体，严丝合缝，宛若天成，里外不同的质感碰撞出别样的光华。“长馨”系列保留了紫檀生长的时间纹路，寓意历时弥馨的美好意境，在时间中沉淀而得的生活智慧。佩戴于颈项之间，沉静而秀雅，馨香和好，长伴左右。,,cn,2014-09-15 23:14:48,2014-09-22 22:52:09,,1,145,,product,2,20079,0,0,essence,http://http://sxhtml.local/./upload/In_Out_Essence_2.jpg
20469,长馨,,,cn,2014-09-15 23:14:48,2014-09-22 22:52:11,,1,17,,product,2,20079,0,0,essence-1,http://http://sxhtml.local/./upload/IN_OUT_For_Happiness.jpg
20473,龙韵 — 首饰,龙，象征着中国传统精神。「上下」“龙韵”系列一脉相承皇家气韵，花纹灵感自传统龙鳞纹，并取其谐音“龙运”，有着平步青云的吉祥寓意。“龙韵”系列首饰以现代的设计手法演绎传统纹饰，采用金、银和珐琅工艺，创作项链、手镯、袖扣等饰品，让古老的龙鳞文拥有了新生命。层层龙鳞纹叠映如云，有的剔透轻灵，有的优雅生动，顾盼而生韵，如同龙行之步态怡然，将大方的心境佩戴在身间。,,cn,2014-09-15 23:14:49,2014-09-17 20:16:13,,1,16,,product,2,20079,,,dragon-cloud-jewellery-1,http://http://sxhtml.local/./upload/IN_OUT_Dragon_Cloud_Monochrome_Porcelain_Tea_Set_1.jpg
20472,龙韵 — 首饰,龙，象征着中国传统精神。「上下」“龙韵”系列一脉相承皇家气韵，花纹灵感自传统龙鳞纹，并取其谐音“龙运”，有着平步青云的吉祥寓意。“龙韵”系列首饰以现代的设计手法演绎传统纹饰，采用金、银和珐琅工艺，创作项链、手镯、袖扣等饰品，让古老的龙鳞文拥有了新生命。层层龙鳞纹叠映如云，有的剔透轻灵，有的优雅生动，顾盼而生韵，如同龙行之步态怡然，将大方的心境佩戴在身间。,,cn,2014-09-15 23:14:49,2014-09-22 22:52:09,,1,146,,product,2,20079,0,0,dragon-cloud,http://http://sxhtml.local/./upload/In_Out_Dragon_Cloud_Necklace.jpg
20475,大天地之紫檀 ,"“天地”寓意“天空”和“大地”。这个系列的家具拥有简洁的线条与柔和的圆弧，气度从容博大，好似天地都包容于其中。

灵感来自传统明式家具，却将原本外圆内方的设计改成外方内圆，使之拥有了更具现代感的线条，也令其精湛工艺展露无疑。尊重传统的同时，也对人体工程学作了细心研究，力求让使用感受贴心舒适。

尊贵而坚固的紫檀，在全手工精心打磨之下，拥有了如丝绸般滑润的质感。每件家具从檀木处理到作品完成，需要花费整整六个月的时间，而在细节的处理上更精确到一丝一毫，让这个系列的家具成为精准而完美的艺术品。

特殊的处理工艺赋予了木材更为耐久坚韧的特性，任时间和地域流逝转变，它将是您实至名归的传家宝物。",,cn,2014-09-15 23:14:49,2014-09-17 20:16:13,,1,15,,product,3,20090,20321,,da-tian-di-zitan--2,http://http://sxhtml.local/./upload/teaware/2.jpg
20474,大天地之紫檀 ,"“天地”寓意“天空”和“大地”。这个系列的家具拥有简洁的线条与柔和的圆弧，气度从容博大，好似天地都包容于其中。

灵感来自传统明式家具，却将原本外圆内方的设计改成外方内圆，使之拥有了更具现代感的线条，也令其精湛工艺展露无疑。尊重传统的同时，也对人体工程学作了细心研究，力求让使用感受贴心舒适。

尊贵而坚固的紫檀，在全手工精心打磨之下，拥有了如丝绸般滑润的质感。每件家具从檀木处理到作品完成，需要花费整整六个月的时间，而在细节的处理上更精确到一丝一毫，让这个系列的家具成为精准而完美的艺术品。

特殊的处理工艺赋予了木材更为耐久坚韧的特性，任时间和地域流逝转变，它将是您实至名归的传家宝物。",,cn,2014-09-15 23:14:49,2014-09-22 22:52:11,,1,145,,product,3,20090,20321,,da-tian-di-zitan--1,http://http://sxhtml.local/./upload/Heriatge_Emotion_Da_Tian_Di_Zitan_2.jpg
20476,大天地 之 漆器,"“天地”寓意“天空”和“大地”。这个系列的家具拥有简洁的线条与柔和的圆弧，气度从容博大，好似天地都包容于其中。

灵感来自传统明式家具，却将原本外圆内方的设计改成外方内圆，使之拥有了更具现代感的线条，也令其精湛工艺展露无疑。

尊重传统的同时，也对人体工程学作了细心研究，力求让使用感受贴心舒适。完美的木作结构，搭配精湛的漆器工艺，多次耐心上漆打磨，让家具表面拥有如玉一般温润的质感。

红色的漆器家具，低调却暗自雍容美好，在追求品质又适意自在的家居环境中，绝对是聪明的点睛之笔。",,cn,2014-09-15 23:14:50,2014-09-22 22:52:09,,1,146,,product,3,20090,0,0,da-tian-di-lacquer,http://http://sxhtml.local/./upload/Heriatge_Emotion_Da_Tian_Di_Lacquer.jpg
20477,小天地,"灵感来自传统明式家具的“大天地”系列拥有简洁的线条与柔和的圆弧，气度从容博大，好似天地都包容于其中。

「上下」将传统外圆内方的设计改成外方内圆，使之拥有了更具现代感的线条，也令精湛工艺展露无疑。“小天地”系列把玩件将“大天地”家具等比缩小，同样简洁流畅的线条，同样的制作工序，同样的手工技艺，同样的珍贵紫檀木，这些同样精心打造的微型家具，精巧可爱，实在是藏家们贪恋的把玩之物。",,cn,2014-09-15 23:14:50,2014-09-22 22:52:10,,1,144,,product,3,20090,0,0,da-tian-di-mini-dian-di,http://http://sxhtml.local/./upload/human_nature_DaTianDi_Rocking_Chair.jpg
20478,同心,"传统的中国式的往来礼仪，是一壶清茗一席清谈式的君子之交。“同心”系列茶具意味“分享”，分享好茶与近况，品赏茶汤色、气、味之美的同时，一套好的茶具，也可是分享的主角。

这套茶具包括功夫茶具、通用茶具，和配套的花瓶、烛台、果盘。1300度以上高温的细心焙烧，赋予这些瓷器如玉一般温润的质感。盏托的设计独特而巧妙，让端茶时不会烫手，也让这些茶具呈现一种轻盈的、飞翔的姿态。而壶盖形如古代玉璧的同心圆设计则寓意同心顺意，每块玉璧都是工匠由整块玉石精心雕刻而成。将心爱美好之物与您分享，愿您与我同心合意。",,cn,2014-09-15 23:14:50,2014-09-22 22:52:10,,1,14,,product,5,20090,,,in-heart-1,http://http://sxhtml.local/./upload/heritage_emotion_Jade_Treasure.jpg
20471,玲珑,诞生于清代的内画鼻烟壶工艺，融书法、绘画、雕刻于一体，浓缩了中国古典技法与艺术造诣。它里外剔透的造型，启发了「上下」“玲珑”首饰系列。手工艺人在水晶胚胎之中创造浑然天地，将弯曲成钩状的自制竹笔，从直径仅4毫米的细口探入，于透明内壁上作画。过程中需根据笔势和绘画角度更换勾笔。因绘画方向与观者所见相反，需绘者有极强的反向思维能力。细口窄小，勾笔弯曲，需要凝神静气，细心作画，差之毫厘则失之千里。手工艺人的胸中画卷于方寸天地展开，纤毫毕现，栩栩如真，世人称之“鬼斧神工”。“玲珑”系列隽巧别致，可把玩收藏，也能轻挂胸前，品读匠心玲珑。,,cn,2014-09-15 23:14:49,2014-09-22 22:52:10,,1,57,,product,2,20079,,,ling-long,http://http://sxhtml.local/./upload/Heriatge_Emotion_Mini_Tian_di.jpg
20480,桥,"“桥”系列茶具使用了源自古代传统器型的桥形钮，纤细轻巧，与壶的造型完美融合。

“桥”寓意“联系”，因茶而欢聚，茶香袅袅，暖意融融。无论一壶好茶还是一套好的茶具，都是联系家人好友的纽带。这个系列包含功夫茶具、通用茶具和配套的花瓶与烛台。白瓷的功夫茶具由1300度以上高温焙炼而成，拥有自然的如玉一般温润的光泽。通用茶具则是银器或白瓷与精巧的竹编工艺的结合。

竹编工人用一把简单的刀，把竹子劈成不到半毫米的细丝，再精心编织覆盖到茶具表面，其中最大件的需十多天才能完成。竹编赋予这套茶具保温隔热的功能，也使其更显珍贵。",,cn,2014-09-15 23:14:50,2014-09-22 22:52:09,,1,146,,product,5,20090,20322,,bridge-2,http://http://sxhtml.local/./upload/human_nature_Bridge.jpg
20479,桥,"“桥”系列茶具使用了源自古代传统器型的桥形钮，纤细轻巧，与壶的造型完美融合。

“桥”寓意“联系”，因茶而欢聚，茶香袅袅，暖意融融。无论一壶好茶还是一套好的茶具，都是联系家人好友的纽带。这个系列包含功夫茶具、通用茶具和配套的花瓶与烛台。白瓷的功夫茶具由1300度以上高温焙炼而成，拥有自然的如玉一般温润的光泽。通用茶具则是银器或白瓷与精巧的竹编工艺的结合。

竹编工人用一把简单的刀，把竹子劈成不到半毫米的细丝，再精心编织覆盖到茶具表面，其中最大件的需十多天才能完成。竹编赋予这套茶具保温隔热的功能，也使其更显珍贵。",,cn,2014-09-15 23:14:50,2014-09-22 22:52:09,,1,146,,product,5,20090,20322,,bridge-3,http://http://sxhtml.local/./upload/Heritage_emotion_Bridge_2.jpg
20481,四禧,"“四禧”系列漆器摆件灵感来自清代流行的双陆尊器型，线条简化、巧妙切割重组之后，它是花瓶，是烛台、是储物容器。精湛的漆器工艺让它表面温润如玉，暖暖含光，低调却气度非凡。

三种不同尺寸的设计，满足不同的空间装饰的要求。“四禧”源自中国文化中的人生四大喜事，也可以承载您的任何愿望。无论组合摆放或分开装点，都将为空间增加些许亮色，平添融融喜气。",,cn,2014-09-15 23:14:50,2014-09-22 22:52:11,,1,43,,product,4,20090,,,for-happiness-1,http://http://sxhtml.local/./upload/heritage_emotion_Fuqi_1.jpg
20482,福器,"“福器”谐音“福气”，又取“带来福运之器具”的意思。灵感来自古时文人研墨时注水的文具，砚滴，水滴源源不断有福运连绵的寓意。“福器”系列把玩件遴选品相完美的和田玉和玛瑙，精雕细琢而成。每件造型不同的迷你茶壶，都有独特的吉祥寓意，可把玩收藏，可予人祝福。

福：形如谷仓，圆满丰盛，象征幸福满满
禄：方形象征古代钱币，鼓起的造型寓意财禄满仓
寿：六象征多，连续的六边形是古代的龟背纹，象征长寿
喜：圆弧象征美满，六象征多，寓意喜事不断
乐：凹陷的造型象征虚怀知足，圆弧象征圆满，知足而长乐
祥：幸运之壶，装满源源不断的吉祥与好运",,cn,2014-09-15 23:14:51,2014-09-22 22:52:11,,1,36,,product,4,20090,,,fuqi-4,http://http://sxhtml.local/./upload/jewelry/2.jpg
,FUQI - HAPINESS,,,,,,,,,,,,,,,,
,Fuqi - Joy,,,,,,,,,,,,,,,,
,Fuqi - Longevity,,,,,,,,,,,,,,,,
20484,天籁,"这些仿佛盛着宇宙的大碗，运用的是薄胎瓷的工艺。不足半毫米的瓷壁由百余次的手工修胚而来，需要工匠有极平和的心境，不能有任何差错。

素胚的薄胎瓷莹白剔透，轻若浮云，小心翼翼捧在手心，如同捧着梦想。手掌轻拍碗璧，洪亮悠长的声响从碗内宇宙的某一处传来，纯粹、高远，仿佛能直达心的深处，凡尘琐事都被涤净了。",,cn,2014-09-15 23:14:51,2014-09-17 20:16:12,,1,21,,product,4,20090,20320,,echo-2,http://http://sxhtml.local/./upload/human_nature_Echo_Bamboo_Knot.jpg
20483,天籁,"这些仿佛盛着宇宙的大碗，运用的是薄胎瓷的工艺。不足半毫米的瓷壁由百余次的手工修胚而来，需要工匠有极平和的心境，不能有任何差错。

素胚的薄胎瓷莹白剔透，轻若浮云，小心翼翼捧在手心，如同捧着梦想。手掌轻拍碗璧，洪亮悠长的声响从碗内宇宙的某一处传来，纯粹、高远，仿佛能直达心的深处，凡尘琐事都被涤净了。",,cn,2014-09-15 23:14:51,2014-09-22 22:52:11,,1,146,,product,4,20090,20320,,echo-1,http://http://sxhtml.local/./upload/heritage_emotion_Echo_2.jpg
20486,自在,"「上下」的“自在”系列男装针织服由羊绒和棉混纺织成，触感松软舒适。采用算法精准的高级机织技术整件织就，一根丝线贯穿始终，细腻、平整，完美无瑕。

在设计上，线条简洁，颜色搭配和谐而富层次感，叫人悦目舒心。从中国传统的汉服中汲取灵感，采用斜襟、右衽、系带的设计，对传统的尊重和借鉴，让穿着的男士更加自信、自在，是一种中国独有的儒雅和风范。",,cn,2014-09-15 23:14:51,2014-09-22 22:52:11,,1,19,,product,1,20090,,,carefree-,http://http://sxhtml.local/./upload/human_nature_Carefree.jpg
20485,自在,"「上下」的“自在”系列男装针织服由羊绒和棉混纺织成，触感松软舒适。采用算法精准的高级机织技术整件织就，一根丝线贯穿始终，细腻、平整，完美无瑕。

在设计上，线条简洁，颜色搭配和谐而富层次感，叫人悦目舒心。从中国传统的汉服中汲取灵感，采用斜襟、右衽、系带的设计，对传统的尊重和借鉴，让穿着的男士更加自信、自在，是一种中国独有的儒雅和风范。",,cn,2014-09-15 23:14:51,2014-09-22 22:52:11,,1,20,,product,1,20090,,,carefree-2,http://http://sxhtml.local/./upload/heritage_emotion_Carefree_Bamboo_Knot.jpg
20487,图腾,"中国人对竹有着特别的感情，自古文人赏竹、画竹，爱竹之风雅，而民间常把柔韧的竹，编成日常用具使用，“竹”是中国人的精神图腾。

「上下」的“图腾”系列采用来自内蒙古大草原的上好羊绒，加入百分之五十的优质真丝，制成一米见方的披巾，两种高档材质的相遇，赋予它柔软体贴的质感。印上传统的竹编图案，将竹之高洁与坚韧，披于肩头颈项。",,cn,2014-09-15 23:14:52,2014-09-22 22:52:09,,1,145,,product,1,20090,,,bamboo-knot,http://http://sxhtml.local/./upload/Heritage_emotion_Bamboo_Knot_1.jpg
20488,图腾,"中国人对竹有着特别的感情，自古文人赏竹、画竹，爱竹之风雅，而民间常把柔韧的竹，编成日常用具使用，“竹”是中国人的精神图腾。

「上下」的“图腾”系列采用来自内蒙古大草原的上好羊绒，加入百分之五十的优质真丝，制成一米见方的披巾，两种高档材质的相遇，赋予它柔软体贴的质感。印上传统的竹编图案，将竹之高洁与坚韧，披于肩头颈项。",,cn,2014-09-15 23:14:52,2014-09-22 22:52:11,,1,29,,product,1,20090,,,bamboo-knot-2,http://http://sxhtml.local/./upload/Heritage_emotion_Bamboo_Knot_2.jpg
20489,图腾,"中国人对竹有着特别的感情，自古文人赏竹、画竹，爱竹之风雅，而民间常把柔韧的竹，编成日常用具使用，“竹”是中国人的精神图腾。

「上下」的“图腾”系列采用来自内蒙古大草原的上好羊绒，加入百分之五十的优质真丝，制成一米见方的披巾，两种高档材质的相遇，赋予它柔软体贴的质感。印上传统的竹编图案，将竹之高洁与坚韧，披于肩头颈项。",,cn,2014-09-15 23:14:52,2014-09-22 22:52:11,,1,28,,product,1,20090,,,bamboo-knot-3,http://http://sxhtml.local/./upload/Heritage_emotion_Bamboo_Knot_3.jpg
20490,图腾,"中国人对竹有着特别的感情，自古文人赏竹、画竹，爱竹之风雅，而民间常把柔韧的竹，编成日常用具使用，“竹”是中国人的精神图腾。

「上下」的“图腾”系列采用来自内蒙古大草原的上好羊绒，加入百分之五十的优质真丝，制成一米见方的披巾，两种高档材质的相遇，赋予它柔软体贴的质感。印上传统的竹编图案，将竹之高洁与坚韧，披于肩头颈项。",,cn,2014-09-15 23:14:52,2014-09-22 22:52:11,,1,27,,product,1,20090,,,bamboo-knot-4,http://http://sxhtml.local/./upload/Heritage_emotion_Bamboo_Knot_4.jpg
20491,图腾,"中国人对竹有着特别的感情，自古文人赏竹、画竹，爱竹之风雅，而民间常把柔韧的竹，编成日常用具使用，“竹”是中国人的精神图腾。

「上下」的“图腾”系列采用来自内蒙古大草原的上好羊绒，加入百分之五十的优质真丝，制成一米见方的披巾，两种高档材质的相遇，赋予它柔软体贴的质感。印上传统的竹编图案，将竹之高洁与坚韧，披于肩头颈项。",,cn,2014-09-15 23:14:52,2014-09-22 22:52:11,,1,26,,product,1,20090,,,bamboo-knot-5,http://http://sxhtml.local/./upload/Heritage_emotion_Bamboo_Knot_5.jpg
20492,图腾,"中国人对竹有着特别的感情，自古文人赏竹、画竹，爱竹之风雅，而民间常把柔韧的竹，编成日常用具使用，“竹”是中国人的精神图腾。

「上下」的“图腾”系列采用来自内蒙古大草原的上好羊绒，加入百分之五十的优质真丝，制成一米见方的披巾，两种高档材质的相遇，赋予它柔软体贴的质感。印上传统的竹编图案，将竹之高洁与坚韧，披于肩头颈项。",,cn,2014-09-15 23:14:52,2014-09-22 22:52:11,,1,25,,product,1,20090,,,bamboo-knot-6,http://http://sxhtml.local/./upload/Heritage_emotion_Bamboo_Knot_6.jpg
20493,茶脉,"虽然是以矜贵的真丝制成，这种采用特殊生丝织就的面料，粗糙、原始，拥有麻一般的质感。蚕茧缫丝之后，胶质还未经去除，质感稍硬而呈半透明的丝即是生丝。生丝柔软而极富弹性，织成的面料蓬松而不易变形。

「上下」男装的“茶脉”系列，将其细心剪裁缝制，塑造成儒雅绅士的体面外衣。它们拥有天然的颜色和独特的脉络，好像茶一样，质朴而韵味十足。",,cn,2014-09-15 23:14:53,2014-09-22 22:52:11,,1,24,,product,1,20090,,,tea-lines,http://http://sxhtml.local/./upload/Heritage_emotion_Tea_Lines.jpg
20494,筑造,,,cn,2014-09-15 23:14:53,2014-09-22 22:52:09,,1,146,,product,1,20090,0,0,architecture,http://http://sxhtml.local/./upload/heritage_emotion_Architecture.jpg
20495,喜悦,"最高品质的蒙古羊绒，在尼泊尔工匠的手中，纺成线，又织成布。传统而简单的纺车和织机，搭配细致独到的手工，让每一寸线每一方面料，都有了独一无二的气候和心情。

在织布的过程中，工匠手工加入经过捻转的绒线，从而在面料上形成自然的褶皱，恰到好处地裹覆住腰身，让裙摆像花苞一样绽开。

共有六种明快跳跃的色彩，就像六种喜悦的心情，任君挑选。",,cn,2014-09-15 23:14:53,2014-09-22 22:52:10,,1,144,,product,1,20090,0,0,blossom,http://http://sxhtml.local/./upload/heritage_emotion_Blossom.jpg
20497,雕塑,"技艺娴熟而极富巧思的匠人，将原先游牧民族用羊毛制作蒙古包的工艺，用来制作羊绒毡服。宽袍大袖的设计灵感来自传统汉服，为将中国独有的优雅和风度，注入当代高尚生活。

“ 雕塑 ”系列依据尺寸精准的样板，将珍罕的优质蒙古羊绒，揉捏、搓散、塑形，最后雕塑成一件整片式的立体毡服。没有拼缝，不见针脚，如天上云彩，完整、优美，又独一无二。它像漫天的霞光，雍容而华美，又像冬天里的拥抱，密实而温暖。",,cn,2014-09-15 23:14:53,2014-09-17 20:16:11,,1,33,,product,1,20090,,,sculpture-3,http://http://sxhtml.local/./upload/Heritage_emotion_Sculpture_3.jpg
20496,雕塑,"技艺娴熟而极富巧思的匠人，将原先游牧民族用羊毛制作蒙古包的工艺，用来制作羊绒毡服。宽袍大袖的设计灵感来自传统汉服，为将中国独有的优雅和风度，注入当代高尚生活。

“ 雕塑 ”系列依据尺寸精准的样板，将珍罕的优质蒙古羊绒，揉捏、搓散、塑形，最后雕塑成一件整片式的立体毡服。没有拼缝，不见针脚，如天上云彩，完整、优美，又独一无二。它像漫天的霞光，雍容而华美，又像冬天里的拥抱，密实而温暖。",,cn,2014-09-15 23:14:53,2014-09-22 22:52:11,,1,52,,product,1,20090,0,0,sculpture,http://http://sxhtml.local/./upload/apparel/134.jpg
20498,雕塑,"技艺娴熟而极富巧思的匠人，将原先游牧民族用羊毛制作蒙古包的工艺，用来制作羊绒毡服。宽袍大袖的设计灵感来自传统汉服，为将中国独有的优雅和风度，注入当代高尚生活。

“ 雕塑 ”系列依据尺寸精准的样板，将珍罕的优质蒙古羊绒，揉捏、搓散、塑形，最后雕塑成一件整片式的立体毡服。没有拼缝，不见针脚，如天上云彩，完整、优美，又独一无二。它像漫天的霞光，雍容而华美，又像冬天里的拥抱，密实而温暖。",,cn,2014-09-15 23:14:54,2014-09-22 22:52:11,,1,77,,product,1,20090,,,sculpture-1,http://http://sxhtml.local/./upload/Human_nature_Sculpture_1.jpg
20499,领袖,"「上下」的“领袖”系列采用茶色和黑色的全棉斜纹布精心剪裁制作。一套三件，包括以中山装为原型的上下套装和外搭的经典英式长风衣，一个是东方的革命浪漫，一个是西方的战时情怀，混搭出别样的气概。

线条硬朗，细节考究。接缝处采用独特的“迦利”工艺，“迦利”的名字来自印度传统的镂空窗板，以比喻此处掐丝镂空的缝接工艺。简单大气、牢固耐穿，是为您遮风挡雨的长久陪伴。",,cn,2014-09-15 23:14:54,2014-09-17 20:16:10,,1,64,,product,1,20090,,,leader-2,http://http://sxhtml.local/./upload/teaware/3.jpg
20500,领袖,"「上下」的“领袖”系列采用茶色和黑色的全棉斜纹布精心剪裁制作。一套三件，包括以中山装为原型的上下套装和外搭的经典英式长风衣，一个是东方的革命浪漫，一个是西方的战时情怀，混搭出别样的气概。

线条硬朗，细节考究。接缝处采用独特的“迦利”工艺，“迦利”的名字来自印度传统的镂空窗板，以比喻此处掐丝镂空的缝接工艺。简单大气、牢固耐穿，是为您遮风挡雨的长久陪伴。",,cn,2014-09-15 23:14:54,2014-09-22 22:52:11,,1,83,,product,1,20090,,,leader-datian-di,http://http://sxhtml.local/./upload/In_Out_Ling_Long.jpg
20501,龙珠,"在中国古代传说中，“龙珠”是得自龙颌下或龙口中的宝珠，象征及其珍贵的宝物。“龙”是尊贵与权势的象征，也寄托着对未来的期许祝愿。

这款以「上下」二字印章立体化而成的球状珠宝，优雅而别致，也蕴藏着浓浓的祝福，是送给心中珍视之人的上佳选择。",,cn,2014-09-15 23:14:54,2014-09-22 22:52:09,,1,146,,product,2,20090,,,dragon-pearl,http://http://sxhtml.local/./upload/heritage_emotion_Dragon_Pearl_2.jpg
20502,龙珠,"在中国古代传说中，“龙珠”是得自龙颌下或龙口中的宝珠，象征及其珍贵的宝物。“龙”是尊贵与权势的象征，也寄托着对未来的期许祝愿。

这款以「上下」二字印章立体化而成的球状珠宝，优雅而别致，也蕴藏着浓浓的祝福，是送给心中珍视之人的上佳选择。",,cn,2014-09-15 23:14:54,2014-09-22 22:52:11,,1,39,,product,2,20090,,,dragon-pearl-1,http://http://sxhtml.local/./upload/heritage_emotion_Dragon_Pearl_3.jpg
20503,龙珠,"在中国古代传说中，“龙珠”是得自龙颌下或龙口中的宝珠，象征及其珍贵的宝物。“龙”是尊贵与权势的象征，也寄托着对未来的期许祝愿。

这款以「上下」二字印章立体化而成的球状珠宝，优雅而别致，也蕴藏着浓浓的祝福，是送给心中珍视之人的上佳选择。",,cn,2014-09-15 23:14:54,2014-09-22 22:52:11,,1,38,,product,2,20090,,,dragon-pearl-2,http://http://sxhtml.local/./upload/human_nature_Dream.jpg
20505,福器,"“福器”谐音“福气”，又取“带来福运之器具”的意思。灵感来自古时文人研墨时注水的文具，砚滴，水滴源源不断有福运连绵的寓意。“福器”系列珠宝共有四件造型不同的迷你茶壶，每件都有独特的吉祥寓意。

寿：六象征多，连续的六边形是古代的龟背纹，象征长寿
喜：圆弧象征美满，六象征多，寓意喜事不断
乐：凹陷的造型象征虚怀知足，圆弧象征圆满，知足而长乐
祥：幸运之壶，装满源源不断的吉祥与好运",,cn,2014-09-15 23:14:55,2014-09-22 22:52:09,,1,145,,product,2,20090,0,0,fuqi,http://http://sxhtml.local/./upload/heritage_emotion_Fuqi_2.jpg
20504,福器,"“福器”谐音“福气”，又取“带来福运之器具”的意思。灵感来自古时文人研墨时注水的文具，砚滴，水滴源源不断有福运连绵的寓意。“福器”系列珠宝共有四件造型不同的迷你茶壶，每件都有独特的吉祥寓意。

寿：六象征多，连续的六边形是古代的龟背纹，象征长寿
喜：圆弧象征美满，六象征多，寓意喜事不断
乐：凹陷的造型象征虚怀知足，圆弧象征圆满，知足而长乐
祥：幸运之壶，装满源源不断的吉祥与好运",,cn,2014-09-15 23:14:55,2014-09-22 22:52:10,,1,144,,product,2,20090,,,fuqi-1,http://http://sxhtml.local/./upload/heritage_emotion_Fuqi_3.jpg
20506,福器,"“福器”谐音“福气”，又取“带来福运之器具”的意思。灵感来自古时文人研墨时注水的文具，砚滴，水滴源源不断有福运连绵的寓意。“福器”系列珠宝共有四件造型不同的迷你茶壶，每件都有独特的吉祥寓意。

寿：六象征多，连续的六边形是古代的龟背纹，象征长寿
喜：圆弧象征美满，六象征多，寓意喜事不断
乐：凹陷的造型象征虚怀知足，圆弧象征圆满，知足而长乐
祥：幸运之壶，装满源源不断的吉祥与好运",,cn,2014-09-15 23:14:55,2014-09-22 22:52:11,,1,37,,product,2,20090,,,fuqi-3,http://http://sxhtml.local/./upload/heritage_emotionFuqi.jpg
20508,锦绣,“锦绣”系列的灵感源自中国传统建筑中的窗格，寓意窗外即是锦绣风景，代表着对未来的祝愿，而连绵的图案也寓意顺利和长久。这个系列的首饰轻快、别致，佩戴于手腕或胸前，仿佛生活变得更加轻松与美好。,,cn,2014-09-15 23:14:55,2014-09-22 22:52:10,,1,144,,product,2,20090,0,0,views,http://http://sxhtml.local/./upload/heritage_emotion_Views_1.jpg
20507,锦绣,“锦绣”系列的灵感源自中国传统建筑中的窗格，寓意窗外即是锦绣风景，代表着对未来的祝愿，而连绵的图案也寓意顺利和长久。这个系列的首饰轻快、别致，佩戴于手腕或胸前，仿佛生活变得更加轻松与美好。,,cn,2014-09-15 23:14:55,2014-09-22 22:52:11,,1,35,,product,2,20090,,,views-2,http://http://sxhtml.local/./upload/heritage_emotion_Views_3.jpg
20509,锦绣,“锦绣”系列的灵感源自中国传统建筑中的窗格，寓意窗外即是锦绣风景，代表着对未来的祝愿，而连绵的图案也寓意顺利和长久。这个系列的首饰轻快、别致，佩戴于手腕或胸前，仿佛生活变得更加轻松与美好。,,cn,2014-09-15 23:14:56,2014-09-22 22:52:11,,1,42,,product,2,20090,,,views-1,http://http://sxhtml.local/./upload/heritage_emotion_Views_2.jpg
20510,鸿禧,"一块四公斤重的和田籽玉，经过技艺娴熟的苏州工匠四个多月时间的细心琢磨，最终成为「上下」的“鸿禧”系列中的一件。“鸿禧”是“洪福”的意思，寓意有很大的福气。

五十多节环环相扣的玉链，全是工匠由整块玉料细细雕刻而成，这需要极高的手艺，整个过程稍有差错，都将前功尽弃。根据天然玉皮巧妙设计雕琢而成的图案，朴拙而有灵气，让每一件玉链都散发与众不同的气质。博物馆级的品质，为喜爱把玩收藏的您而定制。",,cn,2014-09-15 23:14:56,2014-09-22 22:52:11,,1,144,,product,2,20090,,,jade-treasure,http://http://sxhtml.local/./upload/IN_OUT_Jin_Yi.jpg
20511,大天地 茶桌 之 紫檀,「上下」大天地系列巧妙地将茶盘和茶桌合二为一，以紫檀为料，创作形制典雅，贴心实用的新茶桌。延续大天地系列的风格，秉承传统明式家具的风骨，却将原本外圆内方的设计改成外方内圆，使之拥有了更具现代感的线条，也令其精湛工艺展露无疑。桌面推开可见「上下」特别订制的茶盘和煮水的电炉，桌面还原，则可做寻常方桌使用。尊贵而坚固的紫檀，在全手工精心打磨之下，拥有了如丝绸般滑润的质感。每件家具从檀木处理到作品完成，需要花费至少2000工时，而在细节的处理上更精确到一丝一毫。茶盘采用端砚制作，作为四大名砚之首的端砚古来已十分名贵，如今更因名坑砚材枯竭而更为珍稀。“大天地”系列茶桌懂得爱茶之人，依坐桌旁，可独自品茶静思，亦可以好茶待客，更为居室营造一片禅意的空间。,,cn,2014-09-15 23:14:56,2014-09-22 22:52:11,,1,40,,product,3,20089,20321,,da-tian-di-tea-table-zitan--1,http://http://sxhtml.local/./upload/IN_OUT_Da_Tian_Di_Tea_Table_zitan.jpg
20512,大天地 摇椅,"“悠然于天地，欲辨已忘言。”

“天地”寓意“天空”和“大地”。这个系列的家具拥有简洁的线条与柔和的圆弧，气度从容博大，好似天地都包容于其中。“大天地”系列的摇椅，将更为简单的线条融入传统明式家具之中，使之更适合现代家居生活，亦令其精湛工艺展露无疑。「上下」与工艺大师反复尝试与调整，只为了寻找最适合的弧度和线条。以紫檀打造稳固框架，以柔韧的优质藤丝编制椅面，给身体更温和的支撑。特殊的处理工艺赋予了材质更为耐久坚韧的特性。每件摇椅从檀木处理到作品完成，需要花费至少5000个工时。“大天地”摇椅在结构和工艺细节的处理上精确到一丝一毫，因而极为细腻敏感，细微的风吹草动，甚至呼吸和心跳，都会让它轻微地晃动。在忙碌的间隙，或是偶有片刻闲适，一摇一晃将所有的纷繁芜杂都抛至云外，只留平和安适，悠然于天地之间。",,cn,2014-09-15 23:14:56,2014-09-22 22:52:09,,1,145,,product,3,20089,20321,,da-tian-di-rocking-chair,http://http://sxhtml.local/./upload/furniture/4.jpg
20513,大天地 之 紫檀,“天地”寓意“天空”和“大地”。这个系列的家具拥有简洁的线条与柔和的圆弧，气度从容博大，好似天地都包容于其中。灵感来自传统明式家具，却将原本外圆内方的设计改成外方内圆，使之拥有了更具现代感的线条，也令其精湛工艺展露无疑。尊重传统的同时，也对人体工程学作了细心研究，力求让使用感受贴心舒适。尊贵而坚固的紫檀，在全手工精心打磨之下，拥有了如丝绸般滑润的质感。每件家具从檀木处理到作品完成，需要花费整整六个月的时间，而在细节的处理上更精确到一丝一毫，让这个系列的家具成为精准而完美的艺术品。特殊的处理工艺赋予了木材更为耐久坚韧的特性，任时间和地域流逝转变，它将是您实至名归的传家宝物。,,cn,2014-09-15 23:14:56,2014-09-22 22:52:10,,1,144,,product,3,20089,20321,0,da-tian-di-mini-tian-di,http://http://sxhtml.local/./upload/IN_OUT_Da_Tian_Di_Rocking_Chair_Walnut.jpg
20514,山水,水草玛瑙与烟熏玛瑙，温润细腻，暗藏流动的纹理。「上下」的“山水”系列选取品相完美的玛瑙原料，手工雕琢成造型圆润的小碗，以紫檀托盘恭敬呈现。每一件小碗皆由大块原材剥离而出，雕琢打磨需花费80个工时。“山水”系列取材天然，每一件都有自然形成的独特图案，如水墨画般挥洒写意，每一件都是独一无二的山水风景。以“山水”对饮或独酌，即便杯中盛以清水，都容易喝醉。“醉翁之意不在酒，在乎山水之间也。”,,cn,2014-09-15 23:14:57,2014-09-22 22:52:10,,1,143,,product,5,20089,,,shan-shui-4,http://http://sxhtml.local/./upload/human_nature_Shan_Shui_Wine_set.jpg
20515,大天地 茶桌 之 紫檀,「上下」大天地系列巧妙地将茶盘和茶桌合二为一，以紫檀为料，创作形制典雅，贴心实用的新茶桌。延续大天地系列的风格，秉承传统明式家具的风骨，却将原本外圆内方的设计改成外方内圆，使之拥有了更具现代感的线条，也令其精湛工艺展露无疑。桌面推开可见「上下」特别订制的茶盘和煮水的电炉，桌面还原，则可做寻常方桌使用。尊贵而坚固的紫檀，在全手工精心打磨之下，拥有了如丝绸般滑润的质感。每件家具从檀木处理到作品完成，需要花费至少2000工时，而在细节的处理上更精确到一丝一毫。茶盘采用端砚制作，作为四大名砚之首的端砚古来已十分名贵，如今更因名坑砚材枯竭而更为珍稀。“大天地”系列茶桌懂得爱茶之人，依坐桌旁，可独自品茶静思，亦可以好茶待客，更为居室营造一片禅意的空间。,,cn,2014-09-15 23:14:57,2014-09-22 22:52:09,,1,146,,product,5,20089,20321,,da-tian-di-tea-table-zitan-,http://http://sxhtml.local/./upload/human_nature_DaTianDi_Tea_Table_Zitan.jpg
20516,桥,,,cn,2014-09-15 23:14:57,2014-09-22 22:52:09,,1,146,,product,5,20089,20322,0,bridge,http://http://sxhtml.local/./upload/teaware/1.jpg
20517,同心,"传统的中国式的往来礼仪，是一壶清茗一席清谈式的君子之交。“同心”系列茶具意味“分享”，分享好茶与近况，品赏茶汤色、气、味之美的同时，一套好的茶具，也可是分享的主角。这套茶具包括功夫茶具、通用茶具，和配套的花瓶、烛台、果盘，有白瓷、镀金和镀银多种材质选择。白瓷由1300度以上高温细心焙烧而成，质感温润如玉。镀金和镀银器具经由多次细心手工打磨，每个角度都光亮如镜。

茶具盏托的设计独特而巧妙，让端茶时不会烫手，也让这些茶具呈现一种轻盈的、飞翔的姿态。而壶盖形如古代玉璧的同心圆设计则寓意同心顺意，每块玉璧都是工匠由整块玉石精心雕刻而成。将心爱美好之物与您分享，愿您与我同心合意。",,cn,2014-09-15 23:14:57,2014-09-22 22:52:10,,1,45,,product,5,20089,,,in-heart,http://http://sxhtml.local/./upload/Heritage_emotion_In_Heart.jpg
20518,如园,中国古代的文人爱石头。他们从各处搜寻峻奇秀雅的美丽石头，大者于园中造景，小则置于斋阁案几。赏玩于心，或落于书画笔端。「上下」的“如园”系列，以一块奇俏玲珑的太湖石为灵感，设计文具盒、笔盒、香盒等各式文房雅器。紫檀系列温润细腻，以全手工精心制作打磨，整套“如园”系列需花费3000工时。漆器系列光润如玉，内外漆以不同颜色，整套需花费2400工时。盒面有凹陷的圆形，打磨光亮如镜，宁静如一潭湖水。太湖石置于其上，隐约倒影，气韵流转，为你打造一片心中的山水。,,cn,2014-09-15 23:14:57,2014-09-22 22:52:11,,1,146,,product,4,20089,,,garden-stationery,http://http://sxhtml.local/./upload/IN_OUT_Heqi_Wanderer.jpg
20519,君子 – 麻将,麻将是中国著名的传统游戏之一。「上下」的“君子”系列灵感源自中国古代提盒，以更为方正雅致的简约造型呈现。“君子”麻将盒共5层，分层摆放四组麻将及牌尺、筹码。144枚麻将牌均以珍贵的印度檀香木或大叶紫檀制作， 揽推洗摸之间，停香指端，心境也随之愈加宁静舒祥。「上下」将传统麻将的图案改为简洁的点线组合，更巧妙地将时空概念融于米字格中，时空亦在指尖流转。精心设计的金银币筹码简单悦目，为聚会更添优雅。整套“君子”麻将的制作至少花费2000工时。上下一体的金属提手构思精巧，提携盒组的同时，亦将盒身收纳安放。把手处以不到半毫米的竹丝细心缠绕，方便使用，也给提盒增添一丝灵动。,,cn,2014-09-15 23:14:57,2014-09-22 22:52:09,,1,61,,product,4,20089,,,jun-zi-mahjong,http://http://sxhtml.local/./upload/human_nature_JunZi_Mahjong.jpg
20520,四禧,“四禧”系列摆件灵感来自清代流行的双陆尊器型，线条简化、巧妙切割重组之后，它是花瓶，是烛台、是储物容器。精心打磨、上漆之后，工人细心缓慢地贴上金箔，为了保证表面的绝对平整和接缝的平直，需要十分精细的手工和平和的心境。反复地上漆打磨， 让它表面温润如玉，暖暖含光，低调却气度非凡。每一件“四禧” 摆件的制作，至少需要900个工时。三种不同尺寸的设计，满足不同的空间装饰的要求。“四禧”源自中国文化中的人生四大喜事，也可承载您的任何愿望。无论组合摆放或分开装点，都将为空间增加些许亮色，平添融融喜气。,,cn,2014-09-15 23:14:58,2014-09-22 22:52:09,,1,145,,product,4,20089,,,for-happiness,http://http://sxhtml.local/./upload/heritage_emotion_For_Happiness.jpg
20521,天籁 – 竹韵,"素白的薄胎瓷碗好似茫茫宇宙，虚怀可纳万物。艺高心细的画师在纤薄内壁画上细致的图案，似用平凡的画笔给大碗注入了灵魂。“天籁”的“竹韵”系列薄胎瓷碗以素胚为底，竹编图案在整个空间自由铺展圆满，气度博大而又韵味无穷。置于光下，瓷壁变得玲珑剔透，仿佛竹影婆娑，清韵流转。

画师以传统工笔画的高妙技艺，演绎极具现代感的竹编图案，让每一个“竹韵”大碗都充满灵动，且独一无二。每描绘完成一件作品，都细心签名，以印证每一次绘画的用心。",,cn,2014-09-15 23:14:58,2014-09-22 22:52:09,,1,146,,product,4,20089,,,echo-bamboo-knot,http://http://sxhtml.local/./upload/In_Out_Essence_1.jpg
20522,山水,水草玛瑙与烟熏玛瑙，温润细腻，暗藏流动的纹理。「上下」的“山水”系列选取品相完美的玛瑙原料，手工雕琢成造型圆润的小碗，以紫檀托盘恭敬呈现。每一件小碗皆由大块原材剥离而出，雕琢打磨需花费80个工时。“山水”系列取材天然，每一件都有自然形成的独特图案，如水墨画般挥洒写意，每一件都是独一无二的山水风景。以“山水”对饮或独酌，即便杯中盛以清水，都容易喝醉。“醉翁之意不在酒，在乎山水之间也。”,,cn,2014-09-15 23:14:58,2014-09-22 22:52:09,,1,144,,product,4,20089,,,shan-shui-3,http://http://sxhtml.local/./upload/human_nature_Shan_Shui_Wine_set.jpg
20523,霞披,,,cn,2014-09-15 23:14:58,2014-09-22 22:52:11,,1,47,,product,1,20089,0,0,dream,http://http://sxhtml.local/./upload/In_Out_Dream.jpg
20524,梦伽,,,cn,2014-09-15 23:14:58,2014-09-22 22:52:11,,1,143,,product,1,20089,0,0,muga,http://http://sxhtml.local/./upload/human_nature_Muga.jpg
20525,藏龙,"最高品质的羊绒与真丝，经最娴熟的尼泊尔工匠巧手，纺成线，又织成布。经线真丝，纬线羊绒，独特的捻度工艺赋予面料视觉纹理及手感拉伸的变化。传统而简单的纺车和织机，搭配细致独到的手工，两天仅能织布一米。「上下
“藏龙”系列从纺线到织布均耗时耗力，一件单品的制成，需耗费二至三公斤的羊绒，花费工人至少320小时。独特的“上下”概念扣由全手工雕刻而成，第一颗扣子扣上，是儒雅的中式立领，解开则是洒脱的西式驳领。含蓄柔和的线条和色彩，赋予这个系列内敛的气质，展露中国式的儒雅和风度。",,cn,2014-09-15 23:14:59,2014-09-22 22:52:10,,1,78,,product,1,20089,,,hidden-dragon,http://http://sxhtml.local/./upload/human_nature_In_Heart.jpg
20527,雕塑,技艺娴熟而极富巧思的匠人，将原先游牧民族用羊毛制作蒙古包的工艺，用来制作羊绒毡服。宽袍大袖的设计灵感来自传统汉服，为将中国独有的优雅和风度，注入当代高尚生活。“雕塑”系列依据尺寸精准的样板，将珍罕的优质蒙古羊绒，揉捏、搓散、塑形，最后雕塑成一件整片式的立体毡服。没有拼缝，不见针脚，如天上云彩，完整、优美，又独一无二。它像漫天的霞光，雍容而华美，又像冬天里的拥抱，密实而温暖。,,cn,2014-09-15 23:14:59,2014-09-17 20:16:08,,1,32,,product,1,20089,20319,,sculpture--4,http://http://sxhtml.local/./upload/Human_nature_Sculpture_1.jpg
20528,雕塑,技艺娴熟而极富巧思的匠人，将原先游牧民族用羊毛制作蒙古包的工艺，用来制作羊绒毡服。宽袍大袖的设计灵感来自传统汉服，为将中国独有的优雅和风度，注入当代高尚生活。“雕塑”系列依据尺寸精准的样板，将珍罕的优质蒙古羊绒，揉捏、搓散、塑形，最后雕塑成一件整片式的立体毡服。没有拼缝，不见针脚，如天上云彩，完整、优美，又独一无二。它像漫天的霞光，雍容而华美，又像冬天里的拥抱，密实而温暖。,,cn,2014-09-15 23:14:59,2014-09-17 20:16:08,,1,48,,product,1,20089,20319,,sculpture--5,http://http://sxhtml.local/./upload/Human_nature_Sculpture_2.jpg
20526,雕塑,技艺娴熟而极富巧思的匠人，将原先游牧民族用羊毛制作蒙古包的工艺，用来制作羊绒毡服。宽袍大袖的设计灵感来自传统汉服，为将中国独有的优雅和风度，注入当代高尚生活。“雕塑”系列依据尺寸精准的样板，将珍罕的优质蒙古羊绒，揉捏、搓散、塑形，最后雕塑成一件整片式的立体毡服。没有拼缝，不见针脚，如天上云彩，完整、优美，又独一无二。它像漫天的霞光，雍容而华美，又像冬天里的拥抱，密实而温暖。,,cn,2014-09-15 23:14:59,2014-09-22 22:52:10,,1,49,,product,1,20089,20319,,sculpture--3,http://http://sxhtml.local/./upload/Human_nature_Sculpture_3.jpg
20529,云裘,“云裘”系列背心前后左右四片相望对称，均有大小不一5块形状规则的皮料拼接，再互相拼缀而成。恰到好处的设计与剪裁，让它宽松舒适，又与每位穿着者的身形完美相合。有羔羊皮和獭兔毛两种材质，均可正反双面穿着。宽阔的袖口，高高的背后开叉，赋予它自由奔放的气质。每件“云裘”的制成，需花费工人280小时。古人用“云裘”指轻柔的皮衣，又因古时天子祭天地时须穿裘服，故亦用以借指天子。在寒冷的天气，随意披裘于外，举手投足，皆是率性与优雅。,,cn,2014-09-15 23:14:59,2014-09-22 22:52:09,,1,145,,product,1,20089,,,yun-qiu,http://http://sxhtml.local/./upload/human_nature_Yun_Qiu.jpg
20530,大方,"最高品质的蒙古羊绒，在尼泊尔工匠的手中，纺成线，又织成布。传统而简单的纺车和织机，搭配细致独到的手工，让每一寸线每一方面料，都有了独一无二的气候和心情。它不像机器制作那样一板一眼，却累积了时间和手工的温度。“大方”系列方巾有百分百羊绒及羊绒真丝混纺两种不同材质，或柔软温暖，或轻薄剔透，在不同的时候给您恰当的关怀。“大方”原指见识广博的人，或称人举止自然
俗气，「上下」的“大方”系列，设计简单大气，工艺精巧不凡。 ",,cn,2014-09-15 23:14:59,2014-09-22 22:52:11,,1,59,,product,1,20089,0,0,noble,http://http://sxhtml.local/./upload/human_nature_Noble.jpg
20531,游逸,生活在高寒草原的牦牛，经过漫长冬天，会长出厚实的绒毛。开春之后，牧人用铁梳子将这些柔软的绒毛梳理下来，清理分类，成为上好的制衣原料。牦牛毛强韧密实，即便经过染色，依然与原本颜色保持接近的色调。「上下」的“游逸”系列以牦牛毛纺线染色，制成三色纱线，再混合织成「上下」独有的面料，整个过程全手工完成。每件“游逸”系列服装均由优质小牛皮细心包边。每件单品的制成，需花费工人至少400小时。脱胎于传统汉服的线条造型，改变了现代服装惯常的拼接方式，让这个系列的的外衣呈现浑然一体的气质。整洁熨帖却又宽松舒适，仿佛是飘荡于高原苍穹下的牧歌长调，优雅而自由。,,cn,2014-09-15 23:15:00,2014-09-22 22:52:11,,1,51,,product,1,20089,0,0,wanderer,http://http://sxhtml.local/./upload/human_nature_Wanderer.jpg
20532,自在,,,cn,2014-09-15 23:15:00,2014-09-22 22:52:09,,1,146,,product,1,20089,0,0,carefree,http://http://sxhtml.local/./upload/heritage_emotion_Carefree_Bamboo_Knot_2.jpg
20533,雕塑,技艺娴熟而极富巧思的匠人，将原先游牧民族用羊毛制作蒙古包的工艺，用 来制作羊绒毡服。宽袍大袖的设计灵感来自传统汉服，为将中国独有的优雅和风度，注入当代高尚生活。“雕塑”系列依据尺寸精准的样板，将珍罕的优质蒙古羊 绒，揉捏、搓散、塑形，最后雕塑成一件整片式的立体毡服。没有拼缝，不见针脚，如天上云彩，完整、优美，又独一无二。它像漫天的霞光，雍容而华美，又像冬 天里的拥抱，密实而温暖。,,cn,2014-09-15 23:15:00,2014-09-22 22:52:11,,1,13,,product,1,20089,,,sculpture-,http://http://sxhtml.local/./upload/Heritage_emotion_Sculpture_1.jpg
20534,雕塑,技艺娴熟而极富巧思的匠人，将原先游牧民族用羊毛制作蒙古包的工艺，用 来制作羊绒毡服。宽袍大袖的设计灵感来自传统汉服，为将中国独有的优雅和风度，注入当代高尚生活。“雕塑”系列依据尺寸精准的样板，将珍罕的优质蒙古羊 绒，揉捏、搓散、塑形，最后雕塑成一件整片式的立体毡服。没有拼缝，不见针脚，如天上云彩，完整、优美，又独一无二。它像漫天的霞光，雍容而华美，又像冬 天里的拥抱，密实而温暖。,,cn,2014-09-15 23:15:00,2014-09-22 22:52:11,,1,34,,product,1,20089,,,sculpture--1,http://http://sxhtml.local/./upload/Heritage_emotion_Sculpture_2.jpg
20535,雕塑,技艺娴熟而极富巧思的匠人，将原先游牧民族用羊毛制作蒙古包的工艺，用 来制作羊绒毡服。宽袍大袖的设计灵感来自传统汉服，为将中国独有的优雅和风度，注入当代高尚生活。“雕塑”系列依据尺寸精准的样板，将珍罕的优质蒙古羊 绒，揉捏、搓散、塑形，最后雕塑成一件整片式的立体毡服。没有拼缝，不见针脚，如天上云彩，完整、优美，又独一无二。它像漫天的霞光，雍容而华美，又像冬 天里的拥抱，密实而温暖。,,cn,2014-09-15 23:15:00,2014-09-22 22:52:11,,1,50,,product,1,20089,,,sculpture--2,http://http://sxhtml.local/./upload/Human_nature_Sculpture_2.jpg
20536,领袖,「上下」的“领袖”系列采用茶色和黑色的全棉斜纹布精心剪裁制作。一套三件，包括以中山装为原型的上下套装和外搭的经典英式长风衣，一个是东方的革命浪漫，一个是西方的战时情怀，混搭出别样的气概。线条硬朗，细节考究。接缝处采用独特的“迦利”工艺，“迦利”的名字来自印度传统的镂空窗板，以比喻此处掐丝镂空的缝接工艺。简单大气、牢固耐穿，是您出行的长久陪伴。,,cn,2014-09-15 23:15:01,2014-09-22 22:52:10,,1,93,,product,1,20089,0,0,leader,http://http://sxhtml.local/./upload/Heritage_emotion_Leader.jpg
20538,如园,中国的文人爱石头。他们从各处搜寻峻奇秀雅的美丽石头，大者于园中造景，小则置于斋阁案几，赏玩于心，或落于书画笔端。「上下」的“如园”系列，以一块太湖石为灵感，以紫檀、白玉、玛瑙、金、银甚至太湖原石不同材质打造成吊坠。线条奇峻，孔窍玲珑，秀雅与孤俏一体，每个角度皆是风景。紫檀、白玉、玛瑙、太湖石吊坠皆由手工雕刻而成，从材料选择至雕琢完成，需花费100至300工时。“如园”系列将园林景致融于吊坠之中，将山水意境垂挂胸前，印于心间。,,cn,2014-09-15 23:15:01,2014-09-22 22:52:09,,1,18,,product,2,20089,0,0,garden,http://http://sxhtml.local/./upload/human_nature_Garden _Jewelry.jpg
20537,如园,中国的文人爱石头。他们从各处搜寻峻奇秀雅的美丽石头，大者于园中造景，小则置于斋阁案几，赏玩于心，或落于书画笔端。「上下」的“如园”系列，以一块太湖石为灵感，以紫檀、白玉、玛瑙、金、银甚至太湖原石不同材质打造成吊坠。线条奇峻，孔窍玲珑，秀雅与孤俏一体，每个角度皆是风景。紫檀、白玉、玛瑙、太湖石吊坠皆由手工雕刻而成，从材料选择至雕琢完成，需花费100至300工时。“如园”系列将园林景致融于吊坠之中，将山水意境垂挂胸前，印于心间。,,cn,2014-09-15 23:15:01,2014-09-22 22:52:10,,1,23,,product,2,20089,,,garden-1,http://http://sxhtml.local/./upload/human_nature_Garden.jpg
20539,山水,玉石和玛瑙，有的温润细腻，有的暗藏流动的纹理。“山水”系列的首饰用心巧妙，选取白玉、墨玉、水草玛瑙及烟熏玛瑙等原材，细心雕琢，制成吊坠、耳环、胸针等饰物。这些珍贵的石头被琢制成造型外圆内方，不到2毫米厚的精巧薄片，内部以黄金镶边成形，每件制作需480工时。巧妙的设计使玉石玛瑙可灵活转动，象征过去与未来的“轮转”不息。“山水”系列取材天然，每一件都有自然形成的独特图案，如水墨画般挥洒写意，每一件都是独一无二的山水风景。,,cn,2014-09-15 23:15:01,2014-09-22 22:52:10,,1,144,,product,2,20089,,,shan-shui-2,http://http://sxhtml.local/./upload/human_nature_Shan Shui_Pendant.jpg
20540,山水,玉石和玛瑙，有的温润细腻，有的暗藏流动的纹理。“山水”系列的首饰用心巧妙，选取白玉、墨玉、水草玛瑙及烟熏玛瑙等原材，细心雕琢，制成吊坠、耳环、胸针等饰物。这些珍贵的石头被琢制成造型外圆内方，不到2毫米厚的精巧薄片，内部以黄金镶边成形，每件制作需480工时。巧妙的设计使玉石玛瑙可灵活转动，象征过去与未来的“轮转”不息。“山水”系列取材天然，每一件都有自然形成的独特图案，如水墨画般挥洒写意，每一件都是独一无二的山水风景。,,cn,2014-09-15 23:15:02,2014-09-22 22:52:09,,1,145,,product,2,20089,,,shan-shui,http://http://sxhtml.local/./upload/huamn_nature_Shan_Shui_Jewelry.jpg
20541,山水,玉石和玛瑙，有的温润细腻，有的暗藏流动的纹理。“山水”系列的首饰用心巧妙，选取白玉、墨玉、水草玛瑙及烟熏玛瑙等原材，细心雕琢，制成吊坠、耳环、胸针等饰物。这些珍贵的石头被琢制成造型外圆内方，不到2毫米厚的精巧薄片，内部以黄金镶边成形，每件制作需480工时。巧妙的设计使玉石玛瑙可灵活转动，象征过去与未来的“轮转”不息。“山水”系列取材天然，每一件都有自然形成的独特图案，如水墨画般挥洒写意，每一件都是独一无二的山水风景。,,cn,2014-09-15 23:15:02,2014-09-22 22:52:10,,1,144,,product,2,20089,,,shan-shui-1,http://http://sxhtml.local/./upload/Human_nature_Shan_Shui_Earring.jpg
20542,天梯,工艺灵感来自古时夏天贴身穿着的竹衣，「上下」以极简的现代风格将之重新演绎，打造成大气、优雅又个性十足的“天梯”珠宝系列。以和田玉、紫檀、金镶钻、银镀金四种材质，制成壁厚仅0.35毫米的细管，再手工穿连成型。每一枚细管内外都经耐心打磨，光润细腻。和田玉及紫檀挂饰则是全手工一节节雕琢而成，全凭巧手与匠心，每件制作需花费400至900工时。不同材质呈现不同的美好质感，玉石清润沁心，紫檀灵韵天成，金银明朗率性。古朴与现代完美融合，节节向上的天梯，带着梦想攀入云端。,,cn,2014-09-15 23:15:02,2014-09-22 22:52:10,,1,58,,product,2,20089,,,tian-ti,http://http://sxhtml.local/./upload/Huamn_nature_TianTi_1.jpg
20543,天梯,工艺灵感来自古时夏天贴身穿着的竹衣，「上下」以极简的现代风格将之重新演绎，打造成大气、优雅又个性十足的“天梯”珠宝系列。以和田玉、紫檀、金镶钻、银镀金四种材质，制成壁厚仅0.35毫米的细管，再手工穿连成型。每一枚细管内外都经耐心打磨，光润细腻。和田玉及紫檀挂饰则是全手工一节节雕琢而成，全凭巧手与匠心，每件制作需花费400至900工时。不同材质呈现不同的美好质感，玉石清润沁心，紫檀灵韵天成，金银明朗率性。古朴与现代完美融合，节节向上的天梯，带着梦想攀入云端。,,cn,2014-09-15 23:15:02,2014-09-22 22:52:10,,1,53,,product,2,20089,,,tian-ti-1,http://http://sxhtml.local/./upload/Huamn_nature_TianTi_2.jpg
20544,悦章,印章在中国文化中代表个人精神和意志，“悦章”系列将「上下」二字的印章作为设计元素，变换出多种造型，既有独特的个人风格，又充满趣味。“悦章”谐音“乐章”，又有喜悦之意，望能给您带来精彩和欢乐。,,cn,2014-09-15 23:15:02,2014-09-17 20:16:07,,1,145,,product,2,20089,,,seal-1,http://http://sxhtml.local/./upload/human_nature_Seal.jpg
,,,,,,,,,,,,,,,,,
20735,吟游,"「上下」的农民画丝巾系列是一组充满幽默感的作品系列。发源自上海郊县的当代民间绘画——金山农民画，笔触质朴简洁，色彩鲜艳悦目，充满现代感和来自民间的生命力。「上下」与金山农民画艺术家合作，以充满想象力的方式演绎多种传统题材画作，并以「上下」特别定制的真丝和羊绒面料，精心印制成多彩丝巾系列。
“吟游”系列以清代画家王翚的作品《康熙出行图》为灵感，为庆祝「上下」虹桥机场店开幕而特别创作。丝巾以优质羊绒和真丝经纬相织而成，纹理清晰，触感轻柔，色彩饱满而生动。希望能为旅途增加一丝悦动色彩，也为城市生活带来一份旅行的心情。
",,cn,2014-09-18 11:49:16,2014-09-22 22:52:10,,1,31,,product,1,20567,,,minstrel-1,http://http://sxhtml.local/./upload/apparel/1.jpg
20736,乐,「上下」的“乐”系列采用最高品质的蒙古羊绒制作。看似旗袍和对襟衫，其实滚边、立领、对襟、斜襟和盘扣，都是由高级机织技术编织而成的图案。单色系列由独特的“米粒”针法织成，而盘扣则是由钩针手工钩出的立体装饰。“乐”的设计是一种游戏和玩笑的心态，也隐喻中国传统的道家哲学，真真假假，皆为虚幻，唯一重要的是个人的体悟。这个系列的女装有旗袍的优雅和中国情调，又有羊绒织物的蓬松柔软，穿着简单方便，是冬天里温暖的陪伴。,,cn,2014-09-18 11:49:18,2014-09-22 22:52:10,,1,41,,product,1,20567,,,joy-dress,http://http://sxhtml.local/./upload/apparel/2.jpg
20737,乐,「上下」的“乐”系列采用最高品质的蒙古羊绒制作。看似旗袍和对襟衫，其实滚边、立领、对襟、斜襟和盘扣，都是由高级机织技术编织而成的图案。单色系列由独特的“米粒”针法织成，而盘扣则是由钩针手工钩出的立体装饰。“乐”的设计是一种游戏和玩笑的心态，也隐喻中国传统的道家哲学，真真假假，皆为虚幻，唯一重要的是个人的体悟。这个系列的女装有旗袍的优雅和中国情调，又有羊绒织物的蓬松柔软，穿着简单方便，是冬天里温暖的陪伴。,,cn,2014-09-18 11:49:18,2014-09-22 22:52:10,,1,146,,product,1,20567,,,joy-pullover,http://http://sxhtml.local/./upload/apparel/3 copy.jpg
20738,乐,「上下」的“乐”系列采用最高品质的蒙古羊绒制作。看似旗袍和对襟衫，其实滚边、立领、对襟、斜襟和盘扣，都是由高级机织技术编织而成的图案。单色系列由独特的“米粒”针法织成，而盘扣则是由钩针手工钩出的立体装饰。“乐”的设计是一种游戏和玩笑的心态，也隐喻中国传统的道家哲学，真真假假，皆为虚幻，唯一重要的是个人的体悟。这个系列的女装有旗袍的优雅和中国情调，又有羊绒织物的蓬松柔软，穿着简单方便，是冬天里温暖的陪伴。,,cn,2014-09-18 11:49:18,2014-09-22 22:52:10,,1,145,,product,1,20567,,,joy-scarf-,http://http://sxhtml.local/./upload/homeware/1.jpg
20739,揽月,"“俱怀逸兴壮思飞，欲上青天揽明月。”
——唐·李白
 
 
「上下」以日常而精巧的中国竹篮为灵感，以立体皮具制作工艺，模拟竹篮的肌理与构造，创作了“揽月”系列立体编织皮质包袋。创造性的细节设计，超越了以往皮具制作的经验，“揽月”系列让两种不同的工艺在同一时空碰撞、对话、交融，给工艺制作带来了新的挑战，也带来了全新的效果呈现。
",,cn,2014-09-18 11:49:18,2014-09-22 22:52:10,,1,84,,product,1,20567,,,lan-yue-,http://http://sxhtml.local/./upload/human_nature_Leader.jpg
20740,日月,“日月”系列选择细密柔软的上等双面羊绒，复杂的手工收边，恰到好处地形成了舒朗的廓形线条，犹如逸笔草草，自然勾勒与提炼出衣料的风神骨相。在中国哲学观念中，日、月分别代表了阳与阴，《周易》中谓：“日月丽乎天”，即是言明“日月”乃宇宙之道，双生变幻，蕴意无穷。这个系列能够随心而定、双面穿着，应对不同场合的需求。男装灵感自传统对襟服饰，设计为大衣与西装两类，都拥有静谧、沉定的配色，恰如静水流深，初衷不改。女款则延续曲裾深衣的经典式样，打破了传统肩线设计的局限，有连袖成片的大衣与马甲两类可选，配色上表达出煦暖喜意的气象，一如天光烂漫，典婉动人。身着“日月”，仿佛游于广袤无垠的天地之间，从容往来，自在而寻有无之境。,,cn,2014-09-18 11:49:19,2014-09-22 22:52:10,,1,63,,product,1,20567,,,sun-moon-mens-overcoat,http://http://sxhtml.local/./upload/apparel/10.jpg
20741,日月,“日月”系列选择细密柔软的上等双面羊绒，复杂的手工收边，恰到好处地形成了舒朗的廓形线条，犹如逸笔草草，自然勾勒与提炼出衣料的风神骨相。在中国哲学观念中，日、月分别代表了阳与阴，《周易》中谓：“日月丽乎天”，即是言明“日月”乃宇宙之道，双生变幻，蕴意无穷。这个系列能够随心而定、双面穿着，应对不同场合的需求。男装灵感自传统对襟服饰，设计为大衣与西装两类，都拥有静谧、沉定的配色，恰如静水流深，初衷不改。女款则延续曲裾深衣的经典式样，打破了传统肩线设计的局限，有连袖成片的大衣与马甲两类可选，配色上表达出煦暖喜意的气象，一如天光烂漫，典婉动人。身着“日月”，仿佛游于广袤无垠的天地之间，从容往来，自在而寻有无之境。,,cn,2014-09-18 11:49:19,2014-09-22 22:52:10,,1,62,,product,1,20567,,,sun-moon-overcoat-1,http://http://sxhtml.local/./upload/apparel/18.jpg
20742,日月,“日月”系列选择细密柔软的上等双面羊绒，复杂的手工收边，恰到好处地形成了舒朗的廓形线条，犹如逸笔草草，自然勾勒与提炼出衣料的风神骨相。在中国哲学观念中，日、月分别代表了阳与阴，《周易》中谓：“日月丽乎天”，即是言明“日月”乃宇宙之道，双生变幻，蕴意无穷。这个系列能够随心而定、双面穿着，应对不同场合的需求。男装灵感自传统对襟服饰，设计为大衣与西装两类，都拥有静谧、沉定的配色，恰如静水流深，初衷不改。女款则延续曲裾深衣的经典式样，打破了传统肩线设计的局限，有连袖成片的大衣与马甲两类可选，配色上表达出煦暖喜意的气象，一如天光烂漫，典婉动人。身着“日月”，仿佛游于广袤无垠的天地之间，从容往来，自在而寻有无之境。,,cn,2014-09-18 11:49:20,2014-09-22 22:52:10,,1,69,,product,1,20567,,,sun-moon-scarf,http://http://sxhtml.local/./upload/apparel/12.jpg
20743,日月,“日月”系列选择细密柔软的上等双面羊绒，复杂的手工收边，恰到好处地形成了舒朗的廓形线条，犹如逸笔草草，自然勾勒与提炼出衣料的风神骨相。在中国哲学观念中，日、月分别代表了阳与阴，《周易》中谓：“日月丽乎天”，即是言明“日月”乃宇宙之道，双生变幻，蕴意无穷。这个系列能够随心而定、双面穿着，应对不同场合的需求。男装灵感自传统对襟服饰，设计为大衣与西装两类，都拥有静谧、沉定的配色，恰如静水流深，初衷不改。女款则延续曲裾深衣的经典式样，打破了传统肩线设计的局限，有连袖成片的大衣与马甲两类可选，配色上表达出煦暖喜意的气象，一如天光烂漫，典婉动人。身着“日月”，仿佛游于广袤无垠的天地之间，从容往来，自在而寻有无之境。,,cn,2014-09-18 11:49:21,2014-09-22 22:52:10,,1,68,,product,1,20567,,,sun-moon-shawl-,http://http://sxhtml.local/./upload/apparel/13.jpg
20745,日月,“日月”系列选择细密柔软的上等双面羊绒，复杂的手工收边，恰到好处地形成了舒朗的廓形线条，犹如逸笔草草，自然勾勒与提炼出衣料的风神骨相。在中国哲学观念中，日、月分别代表了阳与阴，《周易》中谓：“日月丽乎天”，即是言明“日月”乃宇宙之道，双生变幻，蕴意无穷。这个系列能够随心而定、双面穿着，应对不同场合的需求。男装灵感自传统对襟服饰，设计为大衣与西装两类，都拥有静谧、沉定的配色，恰如静水流深，初衷不改。女款则延续曲裾深衣的经典式样，打破了传统肩线设计的局限，有连袖成片的大衣与马甲两类可选，配色上表达出煦暖喜意的气象，一如天光烂漫，典婉动人。身着“日月”，仿佛游于广袤无垠的天地之间，从容往来，自在而寻有无之境。,,cn,2014-09-18 11:49:22,2014-09-22 22:52:10,,1,66,,product,1,20567,,,sun-moon-coat-,http://http://sxhtml.local/./upload/apparel/15.jpg
20744,日月,“日月”系列选择细密柔软的上等双面羊绒，复杂的手工收边，恰到好处地形成了舒朗的廓形线条，犹如逸笔草草，自然勾勒与提炼出衣料的风神骨相。在中国哲学观念中，日、月分别代表了阳与阴，《周易》中谓：“日月丽乎天”，即是言明“日月”乃宇宙之道，双生变幻，蕴意无穷。这个系列能够随心而定、双面穿着，应对不同场合的需求。男装灵感自传统对襟服饰，设计为大衣与西装两类，都拥有静谧、沉定的配色，恰如静水流深，初衷不改。女款则延续曲裾深衣的经典式样，打破了传统肩线设计的局限，有连袖成片的大衣与马甲两类可选，配色上表达出煦暖喜意的气象，一如天光烂漫，典婉动人。身着“日月”，仿佛游于广袤无垠的天地之间，从容往来，自在而寻有无之境。,,cn,2014-09-18 11:49:22,2014-09-22 22:52:10,,1,67,,product,1,20567,,,sun-moon-womens-coat,http://http://sxhtml.local/./upload/apparel/14.jpg
20749,霁月,“霁月”系列以生丝精心裁剪制作，柔软清透，凉意沁心。接缝处采用独特的“迦利”工艺，“迦利”的名字来自东方传统的镂空窗板，以比喻此处掐丝镂空的缝接工艺。精致考究的细节，让夏季穿着更加沁凉自在。白色和黑色衬衣，分别以和田白玉和墨玉雕琢成圆形小扣，轻缀领口，为原本素雅清淡的衬衣，加一抹润泽。淡米色的生丝面料泛着柔和的光泽，温润飘逸，如夏夜风中的朗朗月华。,,cn,2014-09-18 11:49:23,2014-09-22 22:52:10,,1,30,,product,1,20567,,,moonlight-overcoat,http://http://sxhtml.local/./upload/apparel/21.jpg
20746,日月,“日月”系列选择细密柔软的上等双面羊绒，复杂的手工收边，恰到好处地形成了舒朗的廓形线条，犹如逸笔草草，自然勾勒与提炼出衣料的风神骨相。在中国哲学观念中，日、月分别代表了阳与阴，《周易》中谓：“日月丽乎天”，即是言明“日月”乃宇宙之道，双生变幻，蕴意无穷。这个系列能够随心而定、双面穿着，应对不同场合的需求。男装灵感自传统对襟服饰，设计为大衣与西装两类，都拥有静谧、沉定的配色，恰如静水流深，初衷不改。女款则延续曲裾深衣的经典式样，打破了传统肩线设计的局限，有连袖成片的大衣与马甲两类可选，配色上表达出煦暖喜意的气象，一如天光烂漫，典婉动人。身着“日月”，仿佛游于广袤无垠的天地之间，从容往来，自在而寻有无之境。,,cn,2014-09-18 11:49:23,2014-09-22 22:52:10,,1,73,,product,1,20567,,,sun-moon-dress,http://http://sxhtml.local/./upload/apparel/16.jpg
20747,日月,“日月”系列选择细密柔软的上等双面羊绒，复杂的手工收边，恰到好处地形成了舒朗的廓形线条，犹如逸笔草草，自然勾勒与提炼出衣料的风神骨相。在中国哲学观念中，日、月分别代表了阳与阴，《周易》中谓：“日月丽乎天”，即是言明“日月”乃宇宙之道，双生变幻，蕴意无穷。这个系列能够随心而定、双面穿着，应对不同场合的需求。男装灵感自传统对襟服饰，设计为大衣与西装两类，都拥有静谧、沉定的配色，恰如静水流深，初衷不改。女款则延续曲裾深衣的经典式样，打破了传统肩线设计的局限，有连袖成片的大衣与马甲两类可选，配色上表达出煦暖喜意的气象，一如天光烂漫，典婉动人。身着“日月”，仿佛游于广袤无垠的天地之间，从容往来，自在而寻有无之境。,,cn,2014-09-18 11:49:23,2014-09-22 22:52:10,,1,72,,product,1,20567,,,sun-moon-overcoat,http://http://sxhtml.local/./upload/apparel/11.jpg
20748,日月,“日月”系列选择细密柔软的上等双面羊绒，复杂的手工收边，恰到好处地形成了舒朗的廓形线条，犹如逸笔草草，自然勾勒与提炼出衣料的风神骨相。在中国哲学观念中，日、月分别代表了阳与阴，《周易》中谓：“日月丽乎天”，即是言明“日月”乃宇宙之道，双生变幻，蕴意无穷。这个系列能够随心而定、双面穿着，应对不同场合的需求。男装灵感自传统对襟服饰，设计为大衣与西装两类，都拥有静谧、沉定的配色，恰如静水流深，初衷不改。女款则延续曲裾深衣的经典式样，打破了传统肩线设计的局限，有连袖成片的大衣与马甲两类可选，配色上表达出煦暖喜意的气象，一如天光烂漫，典婉动人。身着“日月”，仿佛游于广袤无垠的天地之间，从容往来，自在而寻有无之境。,,cn,2014-09-18 11:49:23,2014-09-22 22:52:10,,1,71,,product,1,20567,,,sun-moon-vest,http://http://sxhtml.local/./upload/apparel/20.jpg
20750,如一,「上下」“如一”系列采用高品质的蒙古羊绒细心织成，柔软而温暖。从传统中式剪裁中汲取灵感，衣袖与衣身连片织就，化繁为简，一气呵成。袖际延伸至下摆的线条将前后片巧妙连接，又形成低调的装饰。开衫款式配有腰带，同时亦可作领带搭配。“如一”系列线条简单，却有独特的细节和气质，无论是单独穿着或是与其他服饰搭配，都可浑然如一。,,cn,2014-09-18 11:49:24,2014-09-22 22:52:10,,1,46,,product,1,20567,,,one-coat,http://http://sxhtml.local/./upload/apparel/22.jpg
20751,雕塑,技艺娴熟而极富巧思的匠人，将原先游牧民族用羊毛制作蒙古包的工艺，用来制作羊绒毡服。宽袍大袖的设计灵感来自传统汉服，为将中国独有的优雅和风度，注入当代高尚生活。“雕塑”系列依据尺寸精准的样板，将珍罕的优质蒙古羊绒，揉捏、搓散、塑形，最后雕塑成一件整片式的立体毡服。两种不同颜色的羊绒经过双手的塑造奇妙连接在一起，成为游走的色线，画龙点睛般点缀在领口、衣襟，垂落于腰间。没有拼缝，不见针脚，如天上云彩，完整、优美，又独一无二。它像漫天的霞光，雍容而华美，又像冬天里的拥抱，密实而温暖。,,cn,2014-09-18 11:49:24,2014-09-22 22:52:10,,1,76,,product,1,20567,20319,,sculpture-overcoat-,http://http://sxhtml.local/./upload/apparel/2.jpg
20753,雕塑,技艺娴熟而极富巧思的匠人，将原先游牧民族用羊毛制作蒙古包的工艺，用来制作羊绒毡服。宽袍大袖的设计灵感来自传统汉服，为将中国独有的优雅和风度，注入当代高尚生活。“雕塑”系列依据尺寸精准的样板，将珍罕的优质蒙古羊绒，揉捏、搓散、塑形，最后雕塑成一件整片式的立体毡服。两种不同颜色的羊绒经过双手的塑造奇妙连接在一起，成为游走的色线，画龙点睛般点缀在领口、衣襟，垂落于腰间。没有拼缝，不见针脚，如天上云彩，完整、优美，又独一无二。它像漫天的霞光，雍容而华美，又像冬天里的拥抱，密实而温暖。,,cn,2014-09-18 11:49:25,2014-09-22 21:33:20,,1,74,,product,1,20567,20319,0,sculpture--6,http://http://sxhtml.local/./upload/Human_nature_Sculpture_3.jpg
20752,雕塑 — 羊绒披肩,技艺娴熟而极富巧思的匠人，将原先游牧民族用羊毛制作蒙古包的工艺，用来制作羊绒毡服。宽袍大袖的设计灵感来自传统汉服，为将中国独有的优雅和风度，注入当代高尚生活。“雕塑”系列依据尺寸精准的样板，将珍罕的优质蒙古羊绒，揉捏、搓散、塑形，最后雕塑成一件整片式的立体毡服。两种不同颜色的羊绒经过双手的塑造奇妙连接在一起，成为游走的色线，画龙点睛般点缀在领口、衣襟，垂落于腰间。没有拼缝，不见针脚，如天上云彩，完整、优美，又独一无二。它像漫天的霞光，雍容而华美，又像冬天里的拥抱，密实而温暖。,,cn,2014-09-18 11:49:25,2014-09-22 22:52:10,,1,75,,product,1,20567,20319,,sculpture-shawl-,http://http://sxhtml.local/./upload/apparel/5.jpg
20756,相伴,“相伴”的造型来自中国传统文化中的太极图，由象征阴阳的两个部分组成。两者依依相吸，几成一体，象征不可分离的亲密关系。它有18K金及18K白金两种材质，与钻石折射出晨光熠熠，是一份独一无二的心意和守候。,,cn,2014-09-18 11:49:26,2014-09-22 22:52:10,,1,79,,product,2,20567,,,the-couple,http://http://sxhtml.local/./upload/jewelry/1.jpg
20754,游逸,生活在高寒草原的牦牛，经过漫长冬天，会长出厚实的绒毛。开春之后，牧人用铁梳子将这些柔软的绒毛梳理下来，清理分类，成为上好的制衣原料。牦牛毛强韧密实，即便经过染色，依然与原本颜色保持接近的色调。「上下」的“游逸”系列以牦牛毛纺线染色，制成三色纱线，再混合织成「上下」独有的面料，整个过程全手工完成。“游逸”系列的围巾与披毯拥有丰富的色彩搭配，赋予这个系列灵动而飘逸的气质，仿佛是飘荡于高原苍穹下的牧歌长调，优雅而自由。,,cn,2014-09-18 11:49:26,2014-09-22 22:52:10,,1,81,,product,1,20567,0,0,wanderer-overcoat,http://http://sxhtml.local/./upload/apparel/135.jpg
20755,游逸,生活在高寒草原的牦牛，经过漫长冬天，会长出厚实的绒毛。开春之后，牧人用铁梳子将这些柔软的绒毛梳理下来，清理分类，成为上好的制衣原料。牦牛毛强韧密实，即便经过染色，依然与原本颜色保持接近的色调。「上下」的“游逸”系列以牦牛毛纺线染色，制成三色纱线，再混合织成「上下」独有的面料，整个过程全手工完成。“游逸”系列的围巾与披毯拥有丰富的色彩搭配，赋予这个系列灵动而飘逸的气质，仿佛是飘荡于高原苍穹下的牧歌长调，优雅而自由。,,cn,2014-09-18 11:49:26,2014-09-22 22:52:10,,1,80,,product,1,20567,0,0,wanderer-scarf-,http://http://sxhtml.local/./upload/apparel/136.jpg
20758,“桥”系列竹丝扣瓷茶具 ,“桥”系列茶具使用了源自古代传统器型的桥形钮，纤细轻巧，与壶的造型完美融合。“桥”寓意“联系”，因茶而欢聚，茶香袅袅，暖意融融。无论一壶好茶还是一套好的茶具，都是联系家人好友的纽带。这个系列包含通用茶具和配套的花瓶与烛台，将白瓷与精巧的竹编工艺结合。竹编工人用一把简单的刀，把竹子劈成不到半毫米的细丝，再精心编织覆盖到茶具表面，其中最大件的需十多天才能完成。竹编赋予这套茶具保温隔热的功能，也使其更显珍贵。,,cn,2014-09-18 11:49:27,2014-09-18 11:53:28,,1,86,,product,5,20567,20322,,bridge-5,http://http://sxhtml.local/./upload/Heritage_emotion_Bridge_1.jpg
20757,如园,中国的文人爱石头。他们从各处搜寻峻奇秀雅的美丽石头，大者于园中造景，小则置于斋阁案几，赏玩于心，或落于书画笔端。「上下」的“如园”系列，以通灵剔透的太湖石为灵感，创作了吊坠、戒指等系列首饰，以现代简练风格和抽象设计语言重新诠释太湖石的灵秀之美。由纯银打造，线条奇峻，孔窍玲珑，古雅韵味和现代质感融为一体。“如园”系列将园林景致融于首饰之中，将山水意境和自然情怀，化在举手投足之间。,,cn,2014-09-18 11:49:27,2014-09-18 11:53:28,,1,22,,product,2,20567,,,garden-3,http://http://sxhtml.local/./upload/human_nature_Garden_Stationary_Incense_Box.jpg
20759,鼎 茶具,「上下」“鼎”系列茶具灵感源于传统三足鼎，配有茶壶、茶海与六盏茶杯，期许为日常茶席增添一份仪式感。每一件茶具皆由1300度以上高温焙炼而成，拥有如玉一般温润的光泽。设计时将传统三足鼎的两耳略去，使得这一古老器型褪去沉重，呈现浑朴、轻盈的现代风格。圆润饱满的造型则适于任意角度的取握，令投茶冲汤、举杯品饮的步骤如行云流水，端庄、大气，而富古意。,,cn,2014-09-18 11:49:27,2014-09-22 22:52:10,,1,85,,product,5,20567,,,ding-tea-set,http://http://sxhtml.local/./upload/IN_OUT_Dragon_Cloud_Gilded_Bamboo_Woven_Porcelain_Tea.jpg
20762,君子 — 麻将,麻将是中国著名的传统游戏之一。「上下」的“君子”系列灵感源自中国古代提盒，以更为方正雅致的简约造型呈现。“君子”麻将盒共5层，分层摆放四组麻将及牌尺、筹码。144枚麻将牌均以珍贵的印度檀香木及大叶紫檀制作， 揽推洗摸之间，停香指端，心境也随之愈加宁静舒祥。「上下」将传统麻将的图案改为简洁的点线组合，更巧妙地将时空概念融于米字格中，时空亦在指尖流转。精心设计的金银币筹码简单悦目，为聚会更添优雅。整套“君子”麻将的制作至少花费2000工时。上下一体的金属提手构思精巧，提携盒组的同时，亦将盒身收纳安放。把手处以不到半毫米的竹丝细心缠绕，方便使用，也给提盒增添一丝灵动。,,cn,2014-09-18 11:49:28,2014-09-22 22:52:10,,1,65,,product,4,20567,,,jun-zi-mahjong-2,http://http://sxhtml.local/./upload/teaware/4.jpg
20760,“君子” 明月茶盒,"明月松间照，清泉石上流。
——唐·王维《山居秋暝》

中国古代诗词歌赋中，常见“明月”之意象，闲然、旷美而幽静，字里行间，渗透着诗人的情怀与哲思。「上下」“君子”系列的“明月”茶盒造型灵感源自中国古代提盒，圆润精巧，犹如朗朗清月，有着佳美和满的意蕴。茶盒分为三层，每层皆细心考量了结构与功能，使盒内诸件摆放平稳、有序，携带取用便捷自如。底层置放茶壶，依势嵌模，随壶入盖，中层则设十字格，能恰好收纳四盏茶杯，并巧妙留出槽边，令茶盘得以顺势叠上，套入盒盖。上下一体的胡桃木提手线条纤巧而秀美，提携盒组的同时，亦将盒身收纳安放。茶盘表层雕刻龙鳞纹网格，中空可储水，将传统茶盘和水盂合二为一。茶盘以茶色可丽耐材料制成，质轻且耐用。
",,cn,2014-09-18 11:49:28,2014-09-22 22:52:10,,1,146,,product,5,20567,,,jun-zi-ming-yue-tea-box,http://http://sxhtml.local/./upload/furniture/5.jpg
20761,“茶歌”白瓷罗汉杯,"「上下」“茶歌”高温白瓷釉上彩罗汉杯，茶酒皆宜。瓷壁莹白剔透，外侧分别手绘红寿桃、灵芝云与菩提叶图案，每一幅图案均在传统文化中有独特的寓意。“茶歌”系列延续传统釉上彩工艺，着色鲜明，细腻润泽，将之把玩在手，即能感受笔触之历历。手绘图案由青年画家林曦创作，每只杯子都是一幅灵动的水墨小品，蕴含禅意哲思，又有自然之真趣。
",,cn,2014-09-18 11:49:28,2014-09-22 22:52:10,,1,91,,product,5,20567,,,Le Chant du Thé Arhat Tea Cups,http://http://sxhtml.local/./upload/heritage_emotion_Leader_DaTian_Di.jpg
20763,茶歌 餐具,「上下」“茶歌”餐具系列以温暖祥和的配色，演绎深蕴情味的现代餐具，细心包含了多样用餐器皿，盘碟碗箸，不一而足。成套的设计，令餐桌氛围更显优雅精致。独特的餐盘图案则来自于以孔庙、天坛与竹编为灵感的手绘画卷，将建筑艺术与古老手工艺的智慧，凝成盘中意境，透过釉彩的明暗参差，再现博大精深的饮食传统，让简单的一餐，亦可意味悠长。,,cn,2014-09-18 11:49:28,2014-09-22 22:52:10,,1,90,,product,4,20567,,,sound-of-tea-,http://http://sxhtml.local/./upload/homeware/2.jpg
20764,清影,“清影”系列采用竹丝镶嵌工艺，搭配温润的紫檀木，创作雅致的收纳盒具，可置于镜台，作首饰盒、化妆盒、香盒，亦可置于书房，作笔盒、文具盒。“清影”将传统万字纹与「上下」标识巧妙结合，创作了独特的镂雕图案。竹丝镶嵌的手工艺人刀法深峻、心思缜密，他们用自制的工具，将竹子劈成半毫米厚的细丝，于细丝之上开出一个个半毫米宽的榫口，再根据需求，分成5毫米长短的细薄竹片。而后用镊子将这些微若米粒的竹片小心拾起，仔细组合，渐次拼接。一整片10厘米见方的竹丝镶嵌花板，需上千竹片拼成，严丝合缝，宛若天成，如中国传统建筑的窗棂幽格，流光透影、虚实交错。“清影”寓意月光，这些大小不一的盒具边角亦流淌着明式家具灵动的线条，如同在澄澈月色之下，徘徊古典庭院，“起舞弄清影，何似在人间”，自在蹁跹，存续悠远。,,cn,2014-09-18 11:49:29,2014-09-22 22:52:10,,1,89,,product,4,20567,,,twilight-,http://http://sxhtml.local/./upload/IN_OUT_Twilight.jpg
20766,大天地 扶手椅 之 紫檀,“天地”寓意“天空”和“大地”，这个系列的家具拥有简洁的线条与柔和的圆弧，气度从容博大，好似天地都包容其中。“大天地”系列扶手椅灵感自传统明式家具的南官帽椅，将原本外圆内方的设计改成外方内圆，使之拥有了更具现代感的线条，也令其精湛工艺展露无疑。「上下」独创性地将清雅简洁的明式坐椅与西式沙发相结合，为新式南官帽椅赋予柔软的坐垫和靠背，使之更为舒适合用。紫檀扶手椅搭配优质牛皮编织坐垫，手工艺人将整张牛皮仔细裁成3.8毫米的细条，而后使用特制的织机，以近似传统缂丝的手法，纬线牛皮，经线细线，一条条手工织起相连成片，使之具有更为丰富的肌理和质感。「上下」与手工艺人共同探究数月，才为檀木与牛皮织物找到适合的结合方式，使其线条流畅、浑然一体，也对人体工程学作了细心研究，力求让使用感受贴心舒适。尊贵而坚固的紫檀，在全手工精心打磨之下，拥有了如丝绸般滑润的质感。每件作品需要花费六至九个月的时间，而在细节的处理上更精确到一丝一毫，让这个系列的家具成为精准而完美的艺术品，任时间和地域流逝转变，它将是您实至名归的传家宝物。,,cn,2014-09-18 11:49:30,2014-09-22 22:52:10,,1,87,,product,3,20567,20321,,da-tian-di-armchair-zitan--1,http://http://sxhtml.local/./upload/IN_OUT_Da_Tian_Di_Armchair.jpg
20767,大天地 茶桌 之 紫檀,「上下」大天地系列巧妙地将茶盘和茶桌合二为一，以紫檀为料，创作形制典雅，贴心实用的新茶桌。延续大天地系列的风格，秉承传统明式家具的风骨，却将原本外圆内方的设计改成外方内圆，使之拥有了更具现代感的线条，也令其精湛工艺展露无疑。桌面推开可见「上下」特别订制的茶盘和煮水的电炉，桌面还原，则可做寻常方桌使用。尊贵而坚固的紫檀，在全手工精心打磨之下，拥有了如丝绸般滑润的质感。每件家具从檀木处理到作品完成，需要花费至少2000工时，而在细节的处理上更精确到一丝一毫。茶盘采用端砚制作，作为四大名砚之首的端砚古来已十分名贵，如今更因名坑砚材枯竭而更为珍稀。“大天地”系列茶桌懂得爱茶之人，依坐桌旁，可独自品茶静思，亦可以好茶待客，更为居室营造一片禅意的空间。,,cn,2014-09-18 11:49:30,2014-09-22 22:52:10,,1,92,,product,3,20567,20321,,da-tian-di-tea-table-zitan--3,http://http://sxhtml.local/./upload/Heriatge_Emotion_Da_Tian_Di_Zitan_1.jpg
20765,五福,「上下」“五福”系列以清代广口花瓶器形为灵感，巧妙分隔切割，成为一组高低错落的盘碟容器。「上下」开创性地以漆器工艺，演绎传统瓷器之美。“五福”系列五种特别的颜色选择，分别来自“汝、官、哥、定、均”五大名窑的代表色。容器外侧类似瓷器天然开片的冰裂纹效果是传统的蛋壳漆工艺，手工艺人取天然蛋壳，细心敲碎，完整拼合。蛋壳细片需大小均匀，拼接合缝，全凭积年的经验和心如平镜的耐心。内部是金箔漆的工艺，精心打磨、上漆之后，工人细心缓慢地贴上金箔，为了保证绝对平整和接缝的平直，需要十分精细的手工和平和的心境。胎釉浑然一体，反复地上漆打磨，让它表面温润如玉，暖暖含光，低调却气度非凡。“五福”曰：寿、富、康宁、攸好德、考终命，象征福运相伴，康寿绵延。,,cn,2014-09-18 11:49:30,2014-09-22 22:52:10,,1,88,,product,4,20567,,,wu-fu-,http://http://sxhtml.local/./upload/homeware/5.jpg
20768,“君子” 屏风,「上下」“君子”屏风延续传统四曲叠扇屏制式，采用木框和布面卷轴的设计，卷轴可以根据需要选择性地卷起或放下，就像卷起一幅中国画。特别研发的织物布面拥有内敛沉定的色调，能与任一家具搭配出彩，密实的质感，宜于日常打理，亦能应于四时迭变，起到隔温储暖之效。屏框线条外方內圆，通体素面，框间以活动钮接合，可随用随设，折成任意角度，自行直立，也可合成一具，收纳存放。四扇屏风宽度和结构不一，错落成格，为简洁素淡的屏风带来了节奏和韵律，好似一幅纯粹色块的抽象画，意象纷叠，自有诗意。,,cn,2014-09-18 11:49:31,2014-09-22 22:52:10,,1,44,,product,3,20567,,,junzi-screen-,http://http://sxhtml.local/./upload/651891348311a9403a27c4e7aaeef059.jpg
20915,Junzi Tea Box,"<p class=""p1"">
	<span class=""s1"">Junzi Tea Box</span></p>
",,cn,2014-09-21 22:08:00,2014-09-22 22:52:10,,1,82,,product,5,20567,,,junzi-tea-box,http://http://sxhtml.local/./upload/apparel/6.jpg
cid,title,body,summary,language,cdate,mdate,uid,status,weight,key_id,type,product_type,collection,craft,gift,url_key,thumbnail